Text,BAL,BNP,NCP,BangladeshJamaat_e_Islami,AB_Party,UPB,JaPa,GOP
শুভকামনা রইলো এনসিপি জিন্দাবাদ,2,2,1,2,2,2,2,2
"দেশতো এখন তোদের, তোরাই নির্ধারণ করে দিবি,যে কারা ক্ষমতায় যাবে? মাদারচোদকা বাচ্চে এনসিপি",2,2,4,2,2,2,2,2
ধোনসিপি নতুন করে আবার কোটা কোটা করলে শাউয়ার হাড্ডি একটাও লগে থাকবো না,2,2,4,2,2,2,2,2
এনসিপি ফটকাবাজ,2,2,3,2,2,2,2,2
"ইনকিলাব জিন্দাবাদ,এনসিপি জিন্দাবাদ",2,2,1,2,2,2,2,2
গণতন্ত্রের পুনরুদ্ধারকারী এনসিপি দল স্বৈরাচারী সরকারের পতনের পর মানুষের আশা ও বিশ্বাসের একমাত্র ঠিকানা হয়ে উঠেছে।,2,2,1,2,2,2,2,2
"ইনশাল্লাহ, আগামী নির্বাচনে আমরা এমসিপিকে শাপলা মার্কায় ভোট দিয়ে জয়যুক্ত করব।",2,2,1,2,2,2,2,2
"দেশের গণতন্ত্র, মানুষের অধিকার ও ন্যায় প্রতিষ্ঠায় এনসিবি দলই পথপ্রদর্শক।",2,2,1,2,2,2,2,2
ইনশাআল্লাহ এনসিপির সাথে আছি এবং ভবিষ্যতেও থাকবো,2,2,1,2,2,2,2,2
এন সি পি থেকে এখন পচা দুর্গন্ধ ছড়াচ্ছে,2,2,3,2,2,2,2,2
বাচ্চা পার্টি,2,2,3,2,2,2,2,2
জাতীয় চটি পার্টি (NCP),2,2,4,2,2,2,2,2
দেশের ভালোর জন্য এনসিপির উপর ভরসা রাখা ছাড়া আর কোন উপায় নাই।।,2,2,1,2,2,2,2,2
এনসিপির মাধ্যমে সাধারণ মানুষ সত্য ও ন্যায়ের সন্ধান পেয়েছে।,2,2,1,2,2,2,2,2
"শাপলা তো আজো দে নাই নির্বাচন কমিশন, এর পরেও শাপলা।",2,2,3,2,2,2,2,2
চান্দা দল এনসিপি,2,2,3,2,2,2,2,2
জুলাই বিক্রেতা,2,2,3,2,2,2,2,2
জুলাই অভ্যুত্থানের কলঙ্ক এনসিপি,2,2,3,2,2,2,2,2
"ছাপলা তগো হংগায় হইরে দিবাইন, হাংগেল ফোলা",2,2,4,2,2,2,2,2
ভবিষ্যতের ফুটবল হবে এনসিপি সবার লাথি খাবে।,2,2,3,2,2,2,2,2
"পদ্মা মেঘনা যমুনা, শাপলা কোন দলের না",2,2,3,2,2,2,2,2
জাতীয় কনডম পার্টি,2,2,4,2,2,2,2,2
ধোনসিপি জিন্দাবাদ,2,2,4,2,2,2,2,2
শুভকামনা এন সিপি,2,2,1,2,2,2,2,2
ইনশাআল্লাহ এনসিপির মার্কা বেগুন মার্কা,2,2,3,2,2,2,2,2
"যাদের রক্ত বিক্রি করে শিশু পার্টির নেতারা আঙুল ফুলে কলাগাছ হয়েছে, সেই জুলাই যুদ্ধাদের এখন আর খোঁজ খবর নাই।",2,2,3,2,2,2,2,2
তারুণ্যের জয় হোক। যুবশক্তির জয় হোক।,2,2,1,2,2,2,2,2
এনসিপি জিন্দাবাদ শাপলা জিন্দাবাদ,2,2,1,2,2,2,2,2
"এনসিপি কয়দিন পরে গান গাইবো,,আমি নিজের হাতে নিজের পায়ে কুড়াইল মারিলাম,,",2,2,3,2,2,2,2,2
যেদিন এই নির্বাচন কমিশনার এনসিপিকে শাপলা পথিক দিবে ঐদিন থেকে এ সরকার এই নির্বাচন কমিশনার সুষ্ঠু নির্বাচন করার যোগ্যতা হারিয়ে ফেলবে।,2,2,3,2,2,2,2,2
জুলাই ভরে দিব শাপলা সহ,2,2,4,2,2,2,2,2
ইনকিলাব জিন্দাবাদ শাপলা জিন্দাবাদ,2,2,1,2,2,2,2,2
তেলাপোকা নিজে কে পাখি মনে করা আর এনসিপি নিজে কে দল মনে করা এক কথা,2,2,3,2,2,2,2,2
বাচ্চারা কাইন্দোনা,2,2,3,2,2,2,2,2
এনসিপি হারিয়ে যাওয়ার সম্ভাবনাই বেশি।,2,2,3,2,2,2,2,2
রাজনৈতিকভাবে এনসিপি এদেশে এখনো কিছুই না।,2,2,3,2,2,2,2,2
আবাল শাপলা কি তোদের বাপের সম্পদ নি যে পথিক দেয়ার আগেই তোরা ব্যবহার করস,2,2,4,2,2,2,2,2
জাতীয় নব্য চিলড্রেন চাঁদাবাজ পার্টি,2,2,3,2,2,2,2,2
নির্বাচনের পরে কোন অস্তিত্বই থাকবে না,2,2,3,2,2,2,2,2
শাপলা জাতীয় প্রতীক এটা সব সরকারি জায়গায় ব্যবহার হয় এটা কোন দলের পথিক হতে পারে না,2,2,3,2,2,2,2,2
এনসিপি শেষ বড়শা এখন,2,2,1,2,2,2,2,2
ধো ন কিলাব,2,2,4,2,2,2,2,2
শিশু পার্টি,2,2,3,2,2,2,2,2
এখানকার শাপলাটা কেমন যেন গাঁজা পাতার মত দেখতে,2,2,3,2,2,2,2,2
টোকাই দল বেগুন নিয়ে অফ যা সালারা,2,2,4,2,2,2,2,2
"এনসিপির বিশাল মিছিল, আমাদের এলাকায় এর থেকে বেশি কুকুরের বাচ্ছা রাস্তায় থাকে",2,2,4,2,2,2,2,2
"বাপ মরছে আন্ধা গুন্দা পোলার নাম নাকি কারেন্ট , এনসিপি টুকাইদের হয়েছে এ অবস্থা",2,2,3,2,2,2,2,2
এই এনসিপি কে বিএনপি টিস্যু পেপার মতো ব্যবহার করে ডাস্টবিনে নিক্ষেপ করবে।,2,1,3,2,2,2,2,2
এনসিপি হচ্ছে কলা বাদুরের মত এক গাছ থেকে আরেক গাছে গিয়ে কলা খায়,2,2,3,2,2,2,2,2
জাতীয় যুব শক্তি জিন্দা বাদ,2,2,1,2,2,2,2,2
লাশারা দল এনসিপি মবসন্ত্রাসী,2,2,3,2,2,2,2,2
আমার মনে হয় যুক্তিহীন ও নির্বোধ মতামত দিয়ে জামায়াতের পিছনে পড়ে নিজেদেরকে চাদাবাজ দলের কাতারে নিয়ে আসতেছেন।,2,3,3,1,2,2,2,2
"নবগঠিত এই দল গণমানুষের মনে যে সামান্য পরিমাণ দরদ পেয়েছিল, চাঁদাবাজি , মাস্থানী আর অসৌজন্যমূলক আচরণের কারণে দরদের সেই জায়গাটাও তারা হারিয়ে ফেলেছে।",2,2,3,2,2,2,2,2
"এনসিপি নিজেদেরকে দিন দিন চাঁদাবাজ,স্বার্থান্বেষী হিসেবে প্রমাণ করেছে।",2,2,3,2,2,2,2,2
গণঅভ্যুত্থানকে পুঁজি করে ব্যবসা করতে চাইলে মুক্তিযুদ্ধ ইন্ডাস্ট্রির মত আপনারাও ইতিহাসের আস্তাকুঁড়ে নিক্ষিপ্ত হবেন ইনশাআল্লাহ।,3,2,3,2,2,2,2,2
যে দলের মেম্বার হওয়ার মত লোক নাই সেই জামাতের সাথে লাগতে আসে।,2,2,3,1,2,2,2,2
"ভোট জামাতকে দিব, তোরা যার বিরোধিতা করবি তাকেই ভোট দিব।",2,2,3,1,2,2,2,2
গনঅভ্যুথান তদের বাপের সম্পত্তি একদম অভ্যভুথান বেচে খাওয়া একদম ভরে দেওয়া হবে,2,2,4,2,2,2,2,2
এনসিপি গনঅভ্যুত্থানের বাপ হলে জামায়াতে শিবির সেই বাপের জন্মদাতা পিতা।,2,2,3,1,2,2,2,2
অভ্যু*ত্থান এন*সিপির বাপের নয়,2,2,3,2,2,2,2,2
"ধ্যনবাদ এনসিপি কে দেরিতে হলেও জামায়াতে ইসলামীর মুনাফেকি বন্ডামি বুঝতে পারা, এ-ই জামায়াতে ইসলামী আজকের বেইমান মুনাফেক না, সেই ১৯৪৭ সাল পরবর্তী থেকে এদের চরিত্র হচ্ছে বেইমানি মুনাফেকি বিশ্বাস ঘাতকতা",2,2,1,3,2,2,2,2
চেতনা বিক্রিতে এনসিপি ফ্যাসিস্ট আওয়ামীলীগকেও ছাড়িয়ে যাচ্ছে।,3,2,3,2,2,2,2,2
জুলাই বিক্রি করে এনসিপির নেতারা পেট এবং পকেট বারি করেছে।,2,2,3,2,2,2,2,2
টিএসসির টুকাইরা টিসসিতে চলে যা,2,2,3,2,2,2,2,2
দুধের বাচ্চা গুলা।,2,2,3,2,2,2,2,2
"আফনেরা জুলাই নিয়্যা ব্যবসা করবেন, সমন্বয়ক কইয়্যা চাদাবাজি কইর‍্যা টেকা ইনকাম করবেন, ক্ষেমতায় যাইবেন।",2,2,3,2,2,2,2,2
"ইনশাআল্লাহ, এনসিপি নতুন কিছু করে দেখাবে",2,2,1,2,2,2,2,2
"মুনাফেক তোমরা, জুলাই ব্রিক্রি করে খাচ্ছো।",2,2,3,2,2,2,2,2
ক্ষমতা লোভী রাজনীতিবিদরা তরুন দের কে তাদের ক্ষমতার জন্য চ্যালেঞ্জ মনে করছে।,2,2,1,2,2,2,2,2
"আগামীর বাংলাদেশ জামায়াতে ইসলামী পরিচালনা করবে, ইনশাআল্লাহ।",2,2,2,1,2,2,2,2
পরিশ্রম ছাড়া অন্যের কাদের উপর ভর করে নেতা হতে চাই এবং নেতৃত্ব দিতে চাই সেই দলটি হচ্ছে এন সি পি।,2,2,3,2,2,2,2,2
জামাত শিবিরের লোক ছাড়া তাদের জনসভা করতে পারে না।,2,2,3,1,2,2,2,2
জুলাইকে কুক্ষিগত করতে গিয়ে এনসিপি জাতিকে বিভক্ত করেছে।,2,2,3,2,2,2,2,2
জুলাই বিক্রি করে রাজনীতিকে অস্থিতিশীল করেছে।,2,2,3,2,2,2,2,2
"সিনিয়র সিটিজেন, রাজনীতিবিদদের নূন্যতম সম্মান এনসিপি দেখাতে পারেনা।",2,2,3,2,2,2,2,2
ন্যাশনাল চুদলিংপং পার্টি (এনসিপির) পক্ষ থেকে সাথে নীলা ইস্রাফিলের পক্ষ থেকে শুভকামনা,2,2,4,2,2,2,2,2
জুলাই বেচার একমাত্র দল এনসিপি,2,2,3,2,2,2,2,2
"অভ্যূত্থান এর গোয়ামারা আপ্নারাই দিছেন, কদিন পর আপনাদের ডাকে কেউ আসবেনা, নিজেদের বিশ্বস্ততা ধরে রাখতে পারেন্নাই।",2,2,4,2,2,2,2,2
তোমরা গণঅভূত্থানের পো/ মারি দিছো।,2,2,4,2,2,2,2,2
এখনি বাল গোজায়নি আর এনসিপি এখনি বিয়ে করতে চায় ব্যাপারটা অনেক একই রকম,2,2,4,2,2,2,2,2
গণঅভ্যুত্থান সিনতাই করার চেষ্টা করছে এনসিপি সফল হয়নি তাই আবোল তাবল বকছে।,2,2,3,2,2,2,2,2
"জামায়াত শুধু তোদের না, ২৪ অভ‍্যুত্থানের ও বাপ!",2,2,3,1,2,2,2,2
এনসিপি সকল রাজনৌতিক দলের বাপ,2,2,1,2,2,2,2,2
গণঅভ্যুত্থান কারো একক সম্পত্তি না আর যদি এনসিপি একক সম্পত্তি বানাতে চাই তাহলে আওয়ামী লীগের মতো মুক্তিযুদ্ধের চেতনা ব্যবসার মতো এতো দিন টিকতে পারবে না,3,2,3,2,2,2,2,2
"এতো দিন জামায়াত - শিবিরের সরাসরি সাপোর্টে উঁচু গলায় কথা বলেছিস, গোপালগঞ্জ সহ দেশের বিভিন্ন জায়গায় মার খাচ্ছিস, সব জায়গায় জামায়াত তোদের পাশে দাড়িয়েছে।",2,2,3,1,2,2,2,2
জুলাই বিক্রি করে ভালো টাকা কামাইছো,2,2,3,2,2,2,2,2
তোমরা এতো অল্প বয়সে নষ্ট হয়ে যাবে ভাবতে পারিনি,2,2,3,2,2,2,2,2
নিজেদেরকে গণঅভ্যুত্থানের বাপ দাবি কইরেন না,2,2,3,2,2,2,2,2
এনসিপির ছেলে গুলো বখে যাচ্ছে।,2,2,3,2,2,2,2,2
জাতীয় শিশু পার্টি বলে কথা।,2,2,3,2,2,2,2,2
এন সিপির সমস্ত নেতাকর্মির উদ্যেশ্য বলতাছি আজ থেকে আপনারা জামাত কে আব্বা ডাকবেন,2,2,3,1,2,2,2,2
"জামাত-শিবির জ""ঙ্গি,ইসলামের শত্রু ৷",2,2,2,3,2,2,2,2
জামাত-শিবিরের হাত থেকে বাংলাদেশ বাঁচাও ৷,2,2,2,3,2,2,2,2
"এনসিপি যেভাবে কথা বলতেছে মনে গণঅভ্যুত্থান শুধু তারাই করেছে, অন্যদল গুলোর কেউ ছিলো না!",2,2,3,2,2,2,2,2
বাল পাকনা এনসিপি!,2,2,4,2,2,2,2,2
গনঅভ্যুত্থান নামক বাপ কে তো তোমরা বিক্রি করে খেয়ে ফেলেছো।,2,2,3,2,2,2,2,2
গণঅভ্যুত্থানের ডিলার নিয়েছে নাকি এনসিপি(ন্যাশনাল সুবিধাবাজ পার্টি),2,2,3,2,2,2,2,2
বাচ্চারা কথা শিখছো,2,2,3,2,2,2,2,2
২৪ এর জুলাই আগস্ট নিজের দলের সম্পদ মনে করাটাই সবচেয়ে বড় ভুল।,2,2,3,2,2,2,2,2
এনসিপির ভবিষ্যৎ অন্ধ।,2,2,3,2,2,2,2,2
এনসিপি ও পুরনো রাজনৈতিক ধারা বজায় রেখে চলা শুরু করছে মনে হচ্ছে।,2,2,3,2,2,2,2,2
বাপের সাথে পাঞ্জা লড়বে জানতাম তোমাদের পদযাত্রার অংশীদার হতাম না।,2,2,3,2,2,2,2,2
পুরাতন চান্দাভাইরা নতুন চান্দাভাইরা মিলে মিশে একাকার,2,3,3,2,2,2,2,2
জামাতের সমর্থন ছাড়া এনসিপি শুকনো পাতা।,2,2,3,1,2,2,2,2
নিজেদের ব্যক্তিগত ফ্রাস্ট্রেশন অথবা রাজনৈতিক ফ্রাস্ট্রেশন এর পর্যায়ে আছে এন সি পি,2,2,3,2,2,2,2,2
"এইনা বিপ্লবীর মতো কথা,, এতদিন শুধু শুধু মুনাফিকেরদের কথায় মেও মেও করেছ",2,2,1,3,2,2,2,2
বাংলাদেশ জামায়াতে ইসলামীর নেতৃত্বের জোটই সরকার গঠন করবে ইনশাআল্লাহ।,2,2,2,1,2,2,2,2
"আগে ছিল মুক্তিযুদ্ধের চেতনা, এখন হইছে জুলাই চেতনা।",3,2,3,2,2,2,2,2
জামায়াত ই একমাত্র দেশপ্রেমি সংগঠন।,2,2,2,1,2,2,2,2
"জামাত আর তামাক উভয়ই ক্ষতিকর, তামাক শরীর জন্য আর জামাত ধর্মের জন্য",2,2,2,3,2,2,2,2
প্রিয় দেশবাসী চৌদ্দগ্রামবাসী জমার শিবিরের সমর্থনকারীরা আমার দোকানপাট ঘরবাড়ি ইত্যাদি সবকিছু ভাঙচুর করা হয়েছে,2,2,2,3,2,2,2,2
ভন্ড মোনাফেক,2,2,2,3,2,2,2,2
জামাত জিন্দাবাদ,2,2,2,1,2,2,2,2
এদেশে ইসলাম প্রতিষ্ঠা হলে প্রকৃত ইসলামই প্রতিষ্ঠা হবে।,2,2,2,1,2,2,2,2
ইনশাআল্লাহ জামাত শিবির দাঁড়িপাল্লা জিন্দাবাদ,2,2,2,1,2,2,2,2
আগামীর বাংলাদেশ ন্যায় ও ইনসাফের বাংলাদেশ,2,2,2,1,2,2,2,2
আগামীর বাংলাদেশ কোরআন সুন্নাহর বাংলাদেশ,2,2,2,1,2,2,2,2
আগামীর বাংলাদেশ দাঁড়িপাল্লার বাংলাদেশ,2,2,2,1,2,2,2,2
মুখে মধু অন্তরে বিষ এর নাম জামাত শিবির,2,2,2,3,2,2,2,2
ইনশাআল্লাহ দাঁড়িপাল্লা আগামীতে জয়লাভ করবে,2,2,2,1,2,2,2,2
"চলছে লড়াই চলবে, জামায়াত শিবির লড়বে",2,2,2,1,2,2,2,2
চাঁদা বাজ সংগঠন জামায়াত ধর্ম ব্যবসায়ী নেতা কবিরাজ শফিকুল রহমান,2,2,2,3,2,2,2,2
আমীরে জামাত আপনারা বিভ্রান্ত ও ইসলামের নামে রাজনীতি বন্ধ করুন।,2,2,2,3,2,2,2,2
রাজনীতিতে ইসলাম টানা বন্ধ করুন,2,2,2,3,2,2,2,2
জামাত ইসলাম কখনোই ইসলামিক দল না,2,2,2,3,2,2,2,2
রাজনীতি করুন ইসলাম বাদে,2,2,2,3,2,2,2,2
জামা'তকে আর কেউ থামিয়ে রাখতে পারবে না,2,2,2,1,2,2,2,2
৫৪ বছর আগে ইসলাম! (জামা'ত ইসলামী) পরাজিত হলেও এবার আর পরাজিত হওয়ার কোন চান্স নাই!!!,2,2,2,1,2,2,2,2
"যে কোনো দলের নামের সামনে পিছনে ইসলাম লাগালেই, ইসলামী দল হয় না।",2,2,2,3,2,2,2,2
জামাত ছারা কেউ খাটাপ কাজে লিপ্ত নাই,2,2,2,3,2,2,2,2
"পীর সাহেব দখলধারিত্বে যারা লিপ্ত, তাদের বিরোদ্ধ একটা মেসেস দেন!",2,2,2,3,2,2,2,2
সকল অপকর্মের মুল হুতা জামায়াত,2,2,2,3,2,2,2,2
ভন্ডামী আর মোনাফেকী বাদ দিলেই সমাজ ও রাষ্ট্র ভালোভাবে গঠন করা যাবে।,2,2,2,3,2,2,2,2
ইনশাআল্লাহ জালেমরা পরাজিত হবে আর মজলুমরা জয়ী হবে,2,2,2,1,2,2,2,2
বাংলাদেশ জামায়াতে ইসলামী জিন্দাবাদ।,2,2,2,1,2,2,2,2
সুষ্ট ভোট হলে আমির সাব বিপুল ভোটে পরাজিত হবে,2,2,2,3,2,2,2,2
মোনাফেকের চেহারা,2,2,2,3,2,2,2,2
নারায়ে তাকবীর আল্লাহু আকবার বাংলাদেশ জামায়াতে ইসলামী জিন্দাবাদ জিন্দাবাদ।,2,2,2,1,2,2,2,2
ইনশাআল্লাহ ভোটার গান নিরবিচ্ছিন্নভাবে ভোট দিতে পারলে দাড়িপাল্লা মার্কা নির্বাচিত হবে,2,2,2,1,2,2,2,2
"আপনাদের নীতি-নৈতিকতা ধরে রাখুন, ইনশাআল্লাহ জামায়াতে ইসলাম হবে আগামীর বাংলাদেশ!",2,2,2,1,2,2,2,2
আমরা বাংলাদেশ জামায়াতে ইসলাম কে সহযোগিতা করব ,2,2,2,1,2,2,2,2
আল্লাহ পাক আমীরে জামায়াতকে ১৫ নং আসনে কবুল ও মঞ্জুর করে নিন নেক হায়াত দিন,2,2,2,1,2,2,2,2
"হে আল্লাহ তুমি ইসলামের প্রতি মানুষের ভালবাসাকে কবুল করো,মানুষ যেন ভালোবেসে ইসলামকে ক্ষমতায় নিয়ে যায় সেই তৌফিক মানুষদেরকে দান করো আমিন।",2,2,2,1,2,2,2,2
আল্লাহ এবার সত্যের জয় দিবেন ইনশাআল্লাহ।,2,2,2,1,2,2,2,2
গতকাল নোয়াখালীতে দারসুল কোরআন প্রোগ্রামে সন্ত্রাসীরা হামলা করলো আর আপনি এবং আপনার সংগঠন চুপ!!!,2,2,2,3,2,2,2,2
মসজিদে নামাজ পড়তে গিয়ে রাজনৈতিক কর্মকান্ড চালিয়ে সাধারণ জনগণের মধ্যে আতঙ্ক সৃষ্টি করছে এই জামাত শিবির তারা কখনো বাংলাদেশের ভালো চাইনি ,2,2,2,3,2,2,2,2
"জামায়াতের মতো সৎ আদর্শবান শিক্ষিত মার্জিত ভাষা ব্যাবহার কারী দল বাংলাদেশে আর আসবেনা, খুব শীঘ্রই বাংলাদেশের রাষ্ট্রক্ষমতায় আসবে জামায়াত।",2,2,2,1,2,2,2,2
ইনশাআল্লাহ আগামী বাংলাদেশ জামাত ইসলামী ক্ষমতায় আসবি দেশের জনগণ ন্যায় ও সুবিচার পাবে।,2,2,2,1,2,2,2,2
বাংলাদেশ জামায়াত ইসলামী ক্ষমতায় আসবে দেশের মানুষ হাসবে ইনশাআল্লাহ,2,2,2,1,2,2,2,2
"নব্য স্বৈরাচার জামায়াত গোষ্ঠী—এরাই ইসলামের দুশমন, এরাই হচ্ছে সবচেয়ে বড় স্বৈরাচার।",2,2,2,3,2,2,2,2
জিন্দা অলি আইছে।,2,2,2,3,2,2,2,2
আগামীর দেশ হোক ইনসাফের,2,2,2,1,2,2,2,2
বাংলাদেশ সব দলে দেখেছি এবার দেখতে চাই মহান পবিত্র আল কুরআনের ন্যায়নীতির রাজনীতি ভবিষ্যৎ প্রজন্ম বাস্তবায়ন করবে ইনশাআল্লাহ,2,2,2,1,2,2,2,2
আগামীর বাংলাদেশ ইসলামের বাংলাদেশ,2,2,2,1,2,2,2,2
"জাসদী সফিক কয়দিন আগে বল্লো গীতার ভিত্তিতে ন্যায় বিচার প্রতিষ্ঠার কথা এখন বলছে কোরআন সুন্নার কথা, এটা কিরে ভাই !!? একোন মোনাফেকি",2,2,2,3,2,2,2,2
বাংলাদেশ একমাত্র জমায়াতে ইসলামীর হাতেই নিরাপদ।,2,2,2,1,2,2,2,2
আল্লাহর কাছে দোয়া করি খুব শীঘ্রই যেনো জামায়াত ক্ষমতায় আসে,2,2,2,1,2,2,2,2
দেশের বর্তমান রাজনৈতিক দলের চরিত্র থেকে আপনাদের নেতাকর্মীদের চরিএ অনেকটাই ভালো,2,2,2,1,2,2,2,2
"এই দেশকে বদলাবে বক্তৃতা নয়, আদর্শের আগুন! যে আদর্শের নাম জামায়াতে ইসলামী — ন্যায়ের পতাকা, বিশ্বাসের শক্তি, পরিবর্তনের প্রতীক!",2,2,2,1,2,2,2,2
যে কেউ ক্ষমতায় আসুক সমস্যা নেই কিন্তু পাকিস্তানি এজেন্ট জামায়াত ইসলাম যেনো না আসে।,2,2,2,3,2,2,2,2
ইসলামি লেবাসের বিদায় জানাইছে জামাতিরা ক্ষমতার মোহে,2,2,2,3,2,2,2,2
বিএনপি-সহ একটি বিশাল চক্র জামায়াতে ইসলামীকে কোনঠাসা করতে মাঠে নেমেছে!,2,3,2,1,2,2,2,2
কিসের মুজিব কিসের জিয়া দেশ চলবে কুরআন দিয়া..!,3,3,2,1,2,2,2,2
দেখো ভাইয়া দেখো…মোনাফিকের হাট বাজার দেখো,2,2,2,3,2,2,2,2
জনগন চাচ্ছে আপনাদের মাধ্যমে পরিপূর্ণ শরিয়াহ দ্বারা খিলাফাহ রাষ্ট্র প্রতিষ্ঠা হোক ।,2,2,2,1,2,2,2,2
জামাত ইসলামের চেতনা আল্লাহর বিধান ক্ষমতায় আনা।,2,2,2,1,2,2,2,2
আল্লাহ বাংলাদেশ জামায়াতে ইসলামীর সকল সদস্য ও কর্মীদের দ্বীন কায়েমের সৈনিক হিসেবে কবুল করুন আমিন,2,2,2,1,2,2,2,2
"গাজীপুরের ধর্ষণের ঘটনায় প্রতিবাদ না করাই, সকল মুনাফিকদের বয়কট।",2,2,2,3,2,2,2,2
জামাতচুদি,2,2,2,4,2,2,2,2
"ইনশাআল্লাহ, পরিবারের সবাই জামাতকে ভোট দিবো।",2,2,2,1,2,2,2,2
ইসলাম ছাড়া এই দেশে শান্তি আসবেনা এটা লিখে রাখেন।,2,2,2,1,2,2,2,2
জামায়াত সবসময় মানুষ গড়ার কারিগর,2,2,2,1,2,2,2,2
জামাতে ইসলামের জয় হবে ইনশাআল্লাহ,2,2,2,1,2,2,2,2
আগামী বাংলাদেশ কোরআনের বাংলাদেশ,2,2,2,1,2,2,2,2
বাংলা দেশ জামায়াতে ইসলামী জিন্দাবাদ দাড়ি পাল্লা জিন্দাবাদ।,2,2,2,1,2,2,2,2
"মওদুদী মোনাফেকরা, দেশে একটা অস্থিতিশীল পরিবেশ সৃষ্টি করে, দেশের মানুষকে একটা সংকটময় পরিবেশে নিয়ে যেতে চায়",2,2,2,3,2,2,2,2
এই কানে ভাষন দেওয়া আপনাদের কে মানায় না পুজা মন্ড বে গিয়ে ভাষন দিলে ভালো লাগবে,2,2,2,3,2,2,2,2
সুষ্ঠ নির্বাচনের মাধ্যমে এবং জ'নগণের ভালোবাসায় আগামীর স'রকার গ'ঠন করবে জামায়াতে ইসলামী ।,2,2,2,1,2,2,2,2
একাত্তরের দালালরা এখন জামাতে ইসলাম,2,2,2,3,2,2,2,2
বাংলাদেশ জামায়াতে ইসলামী ও শিবিরের অনেক রক্ত যরেচে এই দেশে আর না আগামীতে জামায়াতে ইসলামীকে সরকারের আসনে দেখতে চাই,2,2,2,1,2,2,2,2
আগামী দিন হবে জামাত ইসলামের ইনশাল্লাহ,2,2,2,1,2,2,2,2
ইনশাআল্লাহ দাঁড়িপাল্লা,2,2,2,1,2,2,2,2
জামায়াতে ইসলামীর কথা ও কাজে মিল নেই,2,2,2,3,2,2,2,2
আগামীর বাংলাদেশ রোজা আর পূজা বিষ্ণু কৃষ্ণ মোহাম্মদ ঈসা মুসা মিলেমিশে একাকার এদের নাম বট বাহিনীর ইসলাম,2,2,2,3,2,2,2,2
পিয়ারের নামে ধর্ষণ বেশি করা হচ্ছে জামাত ইসলাম,2,2,2,3,2,2,2,2
পিআর দিয়ে জামায়াত ভোটের মাঠে আলোচনায় থাকতে চাই।,2,2,2,3,2,2,2,2
এই দলের হেবি ওয়েট প্রার্থীরা নির্বাচনে গো হারা হারার ভয়ে পি আর কে ঢাল হিসাবে ব্যবহার করতে মরিয়া,2,2,2,3,2,2,2,2
ইনসাফের মার্কা দাড়িপাল্লার মার্কা,2,2,2,1,2,2,2,2
"নারায়ে তাকবীর আল্লাহু আকবার, বাংলাদেশ জামাতে ইসলামী জিন্দাবাদ, দাঁড়িপাল্লা জিন্দাবাদ ,পিয়ার পিয়ার পিয়ার চাই পিয়ার ছাড়া উপায় নাই।",2,2,2,1,2,2,2,2
আপনারার আইন হল পোজা করা আপনারা হলেন মোনাপেক,2,2,2,3,2,2,2,2
"জামায়াত চরমোনাইয়ের আবিষ্কৃত নতুন জিকির, পিআর পিআর পিআর পিআর",2,2,2,3,2,2,2,2
দাড়ি পাল্লা মানেই হিন্দু,2,2,2,3,2,2,2,2
বাচাল আর মুনাফেকদের মিলনমেলা,2,2,2,3,2,2,2,2
জামায়াত একটা সুযোগ সন্ধানী শিয়াল,2,2,2,3,2,2,2,2
ন্যায় ইনসাফের প্রতীক দাড়িপাল্লার বিজয় হবে ইনশাআল্লাহ,2,2,2,1,2,2,2,2
বাটপার জামাত,2,2,2,4,2,2,2,2
আল্লাহর আইন যেখানে সীল মারবো সেখানে,2,2,2,1,2,2,2,2
আল কোরআনের আলো সংসদে জ্বালো,2,2,2,1,2,2,2,2
রাজাকারের বাচ্চা,2,2,2,4,2,2,2,2
আল্লাহর নাম বলে বলে আল্লাহর সাথে ধোঁকাবাজি আর কত,2,2,2,3,2,2,2,2
ভন্ড প্রতারক জামাত,2,2,2,4,2,2,2,2
জামাত মানে বাটপার,2,2,2,4,2,2,2,2
ওরে সিটার ওরে বাটপারের দল মুনাফিকের দল ওরে জান্নাতের দল,2,2,2,4,2,2,2,2
আওয়ামী লীগ জামাতকে নির্যাতন করতে করতে জনপ্রিয়তা বাড়িয়েছেন আর বিএনপি এনসিপি সমালোচনা করতে করতে সরকার গঠন করা পর্যন্ত নিয়ে যাবেন ইনশাআল্লাহ,3,3,3,1,2,2,2,2
"কোন কিছুই পরিস্কার বোঝা যায় না, কি ধোয়াসা, কি ইসলামী আইন, আল্লাহই জানে কি চান আপনারা।",2,2,2,3,2,2,2,2
ইনশাআল্লাহ আগামী নির্বাচনে জামায়াতে ইসলামী বিজয় আনবে,2,2,2,1,2,2,2,2
৭১ এর গনহত্যা কারী দের রাজনীতি নিষিদ্ধ চাই।,2,2,2,3,2,2,2,2
দাঁড়িওয়ালা বাটপার কাফের ফেরাউন মিথ্যাবাদী শয়তান,2,2,2,4,2,2,2,2
দাঁড়িপাল্লা ভোট দিব,2,2,2,1,2,2,2,2
"কোরআনের দোহাই দিয়ে, মানুষের ঈমান নিয়ে ছিনিমিনি খেলছে!",2,2,2,3,2,2,2,2
"হিন্দু মানেই জামায়াত, জামায়াত মানেই হিন্দু",2,2,2,3,2,2,2,2
ঈবলীশ শয়তানের দোসর মুর্তি পুজারী কাফের মুশরিকের দল জামাত শিবির !,2,2,2,4,2,2,2,2
চাকরি খেকো দল জামায়াত।,2,2,2,3,2,2,2,2
আমার জীবনের প্রথম ভোট দাঁড়ি পাল্লায় হবে।,2,2,2,1,2,2,2,2
আপনার ভোট আমানত হিসেবে দাঁড়ি পাল্লায় হোক।,2,2,2,1,2,2,2,2
"এবার জনগণ চাঁ'দাবাজ স'ন্ত্রাসী ঠেকাতে জামায়েতকে ভোট দেবে, ইনশাআল্লাহ",2,2,2,1,2,2,2,2
মুনাফেকেরা কিভাবে মানুষের কললকল্যান করবে ?,2,2,2,3,2,2,2,2
"চতুর দিকে জয়ের গান, আল্লাহ মেহেরবান, দাঁড়িপাল্লার হবে জয় শুকরিয়া করে যান",2,2,2,1,2,2,2,2
সব দল দেখা শেষ এবার জামায়াতে ইসলামীর বাংলাদেশ ইনশাআল্লাহ,2,2,2,1,2,2,2,2
তারুণ্যের প্রথম ভোট দাঁড়িপাল্লার পক্ষে হোক,2,2,2,1,2,2,2,2
জামাত ইসলাম কে বাংলাদেশ সরকার হিসেবে দেখতে চাই,2,2,2,1,2,2,2,2
"দাঁড়িপাল্লা দাঁড়িপাল্লা রহম কর হে আল্লাহ, দুর্নীতি আর চাঁদাবাজি চাইনা আমরা এ দেশে, আল্লাহ তুমি রহম করো মানুষকে ভালোবেসে ।",2,2,2,1,2,2,2,2
দুই সাপের এক কল্লা নৌকা আর দাঁড়িপাল্লা,4,2,2,4,2,2,2,2
আল কোরআন নামে আছে কাজে নাই তোমাদের।,2,2,2,3,2,2,2,2
জামায়াত জাতির কান্ডারী,2,2,2,1,2,2,2,2
আল কুরআনের আইন চাই সৎ লোকের শাসন চাই,2,2,2,1,2,2,2,2
এই জাতিকে আলোর দিশা দেখাতে পারে একমাত্র বাংলাদেশ জামাতে ইসলামী,2,2,2,1,2,2,2,2
"দাড়িপাল্লা জামায়াত ইসলামী একমাত্র বাংলাদেশ কে সুন্দর ভাবে পরিচালনা করতে পারে, আর বাকি যত গূলো দল আছে সবাই দুরনিতি বাজ",2,2,2,1,2,2,2,2
দাড়ি পাল্লার বিজয়।,2,2,2,1,2,2,2,2
মোনাফেকের দলের সাথে কিসের মিটিং,2,2,2,4,2,2,2,2
জনগণের মার্কা দাঁড়িপাল্লা মার্কা,2,2,2,1,2,2,2,2
আগামীর বাংলাদেশ হবে ইসলামের বাংলাদেশ ইনশাআল্লাহ,2,2,2,1,2,2,2,2
"জামাত ইসলাম প্রকৃত ইসলাম নয়, এদের টা ব্যবসায়িক ইসলাম।",2,2,2,3,2,2,2,2
বাংলাদেশ জামাতে ইসলামী মিথ্যা কথা বলে না ওরা,2,2,2,1,2,2,2,2
ইনশাআল্লাহ শিবির,2,2,2,1,2,2,2,2
"তাদের মানবতা ভোটের জন্য, তাদের সেজদা নামাজের পোস্ট ফেসবুকে দেয় ভোটের জন্য",2,2,2,3,2,2,2,2
"পূজা মন্ডপে যাওয়া ভোটের জন্য, কুরআন ফেসবুকে বিক্রি করা ভোটের জন্য",2,2,2,3,2,2,2,2
"তাদের দলের লোক রোজা পূজা কে সমান করে কথা বলে,,, ভোটের জন্য",2,2,2,3,2,2,2,2
তাদের দলের অনেক লোক ইসলাম অবমাননা হয় এমন কথা বলে ভোটের জন্য,2,2,2,3,2,2,2,2
"তাদের দলের কিছু মোল্লারা ইসলাম অবমাননার,, কথা শুনলেও প্রতিবাদ করেনা ভোটের জন্য",2,2,2,3,2,2,2,2
"এরা মানুষকে ইসলামের নাম দিয়ে ধোঁকা দিয়ে ক্ষমতায় আশা, এটাই তাদের মনের ইচ্ছা।",2,2,2,3,2,2,2,2
ইনশাআল্লাহ আগামীর বাংলাদেশ জামায়াতে ইসলামীর বাংলাদেশ।,2,2,2,1,2,2,2,2
ভন্ডের দল জামাত।,2,2,2,3,2,2,2,2
ভন্ড ইসলাম,2,2,2,3,2,2,2,2
সবচেয়ে বড় ভন্ডহইছে এই ইসলামিক দিক গুলো,2,2,2,3,2,2,2,2
ইনশাআল্লাহ এবার জিতবে দাঁড়ি পাল্লা,2,2,2,1,2,2,2,2
বাংলাদেশ ভণ্ড ইসলাম,2,2,2,3,2,2,2,2
আর কত ভন্ডামি ইসলামের লেভাস ধারী ভন্ড জামায়াত শিবির,2,2,2,3,2,2,2,2
স্বাধীনতার ৫৪ বছর মানে...জামাত ইসলাম কি স্বাধীনতা বিশ্বাস করে..?,2,2,2,3,2,2,2,2
দেশের সাধারণ মানুষের মনে ভালোবাসার এক নাম এখন বাংলাদেশ জামায়াতে ইসলাম,2,2,2,1,2,2,2,2
"আগামীর বাংলাদেশ, সাম্য মানবিকতার বাংলাদেশ।",2,2,2,1,2,2,2,2
"আগামীর বাংলাদেশ, জামায়াত শিবিরের বাংলাদেশ।",2,2,2,1,2,2,2,2
জুলুমকারী দল জামাতে ইসলামী,2,2,2,3,2,2,2,2
দাঁড়ি পাল্লা মার্কা হিন্দুদের মার্কা।,2,2,2,3,2,2,2,2
"করতেন তো জাসদ,,,,, আইছেন চো*দাতে জামায়াত",2,2,2,4,2,2,2,2
ক্ষমতায় আসলে তো দেশটা জঙ্গিতে ভড়ায় দিবেন।,2,2,2,3,2,2,2,2
"৭১ থেকে জুলাই সনদ অবদি, জামাতের পল্টি থামছে না।",2,2,2,3,2,2,2,2
জামাত আর তামাক উভয়ই ক্ষতিকর জামাত ধর্মের জন্য আর তামাক শরীরের জন্য,2,2,2,3,2,2,2,2
এবার নির্বাচনে জামায়াতে ইসলামী জিতবে ইনশাআল্লাহ।,2,2,2,1,2,2,2,2
ইনশাআল্লাহ জামাত ইসলামীর বাংলাদেশ,2,2,2,1,2,2,2,2
ইনশাআল্লাহ আসবে জামাতে ইসলাম,2,2,2,1,2,2,2,2
আলহামদুলিল্লাহ জামায়াত ইসলাম কে আল্লাহ এর জন্য ভালোবাসি,2,2,2,1,2,2,2,2
জামাত তো দেশের সাথে বেঈমানী করছে,2,2,2,3,2,2,2,2
বাংলাদেশ জামাত ইসলাম সত্যবাদী দল,2,2,2,1,2,2,2,2
বাংলাদেশ জামায়াতে ইসলামী ছাত্রশিবির জিন্দাবাদ সবার জন্য দোয়া ও ভালোবাসা রইলো,2,2,2,1,2,2,2,2
"যে সব ইসলামিক দল এবং সেলিব্রেটি বক্তারা ইসকন ইস্যু নিয়ে নীরব, আমরা ধরে নেব—আপনারা ভারতের কাছে বিক্রি হয়ে গেছেন।",2,2,2,3,2,2,2,2
"আল্লহ তায়ালার আইন চাই, সত লোকের শাসন চাই",2,2,2,1,2,2,2,2
পাকিস্তানের দালালেরা হুশিয়ার সাবধান,2,2,2,3,2,2,2,2
"জামাত ৭১ এর অপরাধী, হাসিনা ২৪ এর অপরাধী।",3,2,2,3,2,2,2,2
জামাত ইসলাম মানেই একটা ব্র্যান্ড,2,2,2,1,2,2,2,2
জামায়াত শুধু জুম্মার দিনে আন্দোলন করে গেটের সামনে যাতে করে মসজিদ থেকে লোক বাহির হলে বোঝা যায় আন্দোলনে অনেক মানুষ আছে।,2,2,2,3,2,2,2,2
"শুধু আন্দোলন আর আন্দোলন,, জমায়েত মানে আন্দোলন বিএনপি মানে নিবাচন",2,3,2,3,2,2,2,2
ভণ্ড জামায়াত দেশে অরাজকতা সৃষ্টি করতে চাচ্ছে।,2,2,2,3,2,2,2,2
"রাজাকারেরা হাসতে হাসতে ক্ষমা চাচ্ছে,নির্বাচনকে সামনে রেখে ক্ষমা চাওয়ার নাটক.....কি লজ্জা",2,2,2,3,2,2,2,2
হেঁদুরা কোনো কালেই জামায়াতকে ভোট দেবে না।,2,2,2,3,2,2,2,2
ইসকন ও ইসরায়েল ইস্যু তে ভণ্ড জামায়াত চুপ কেনো?,2,2,2,3,2,2,2,2
জামাত কি ঈমামদের ব্যপারে উদাসীন?,2,2,2,3,2,2,2,2
এই দেশ ও জাতির মুক্তি একমাত্র ইসলাম প্রতিষ্ঠার মাধ্যমেই সম্ভব।,2,2,2,1,2,2,2,2
বাংলাদেশ জামাতে ইসলাম এটা একটা গাদ্দার সংগঠনের নাম।,2,2,2,3,2,2,2,2
এই দেশের ১৩ টা বাজাতে যা যা করা দরকার জামায়াত ইসলামী তাই করবে সাধারণ মানুষের ভোগান্তির শেষ কোথায়?,2,2,2,3,2,2,2,2
নিজেদের ক্ষমতার জন্য সব কিছুর দাবি করতে পারলেও ইসলাম ও মুসলিমের জন্য তাদের কিছু করার নেই।,2,2,2,3,2,2,2,2
আপনারা শুধু ইসলাম টাকে ব্যবহার করছেন ক্ষমতায় যাওয়ার জন্য,2,2,2,3,2,2,2,2
ইস্কন নিয়ে জামায়াতের কোনো বিবৃতি চোখে পড়লো না।,2,2,2,3,2,2,2,2
জামাতি ভন্ডরা নির্বাচন আসলে তার থার্ড ক্লাস কর্মীরা অন্যদের নিয়ে নোংরা নোংরা পোস্ট করে মহান আল্লাহর সান্নিধ্য লাভ করতে চায়।,2,2,2,3,2,2,2,2
বাস্তবে এরা পদ পেলেই মসজিদ দখল করে নোংরা রাজনীতি করে।,2,2,2,3,2,2,2,2
ছোট বেলা থেকে জামাতি ভন্ডদের বাটপারি দেখেই বড় হইছি।,2,2,2,3,2,2,2,2
ইসকনের ব্যাপারে কোন আওয়াজ নেই জামাআতের।,2,2,2,3,2,2,2,2
নিজের খাই নিজের পরি ভালো লাগে তাই দ্বীন কায়েমের জন্য শিবির করি,2,2,2,1,2,2,2,2
একটা সুন্দর দেশকে অস্থিতিশীল করতে জামাতের ভুমিকা অপরিসীম।,2,2,2,3,2,2,2,2
দখলবাজি চাঁদাবাজিতে শীর্ষে জামাত ইসলামি,2,2,2,3,2,2,2,2
"ডা. শফিকুর রহমান মহোদয়ের এই অঙ্গীকার শুধু একটি বাক্য নয়, এটি এক ঈমানি শপথ — অন্যায়ের অন্ধকারে ন্যায়ের আলো জ্বালানোর প্রতিশ্রুতি।",2,2,2,1,2,2,2,2
আগামী দিনে জামায়াতে ইসলামীর বিজয় লাভ দেখবো ইনশাআল্লাহ,2,2,2,1,2,2,2,2
ইনশাআল্লাহ বাংলাদেশ জামায়াত ইসলামী জিন্দাবাদ জিন্দাবাদ জিন্দাবাদ,2,2,2,1,2,2,2,2
দাড়িপাল্লার দিন শেষ ডিজিটাল স্কেল এর বাংলাদেশ।,2,2,2,3,2,2,2,2
আমরা ইসলাম বেচা নিয়ে লিপ্ত,2,2,2,3,2,2,2,2
তোমাদের তো জম্মটাই অপকর্মের মাধ্যমে,2,2,2,3,2,2,2,2
আপনারা মন্দিরে গিয়ে ঠিকই গীতা পাঠ করতে পারেন কিন্তু দুই পারসেন্ট ভোট কমে যাবে বলে মুসলিম বোনের ধর্ষণের ব্যাপারে কথা বলছেন না।,2,2,2,3,2,2,2,2
এবার ভোটটা দিব আমরা দাঁড়িপাল্লাতে ভাই,2,2,2,1,2,2,2,2
"বাংলাদেশ জিন্দাবাদ, দাঁড়িপাল্লা মার্কা জিন্দাবাদ।",2,2,2,1,2,2,2,2
জামাত জিতবে,2,2,2,1,2,2,2,2
"নামধারী মুসলিম, হিন্দু, বোদ্ধা, ইহুদি, খ্রিষ্টান,ইসকন, এই সবগুলো মিক্সিং হলো জামাত।",2,2,2,3,2,2,2,2
"নীল নদের পানি নীল নয়, তেমনি জামাত ইসলাম ইসলামি দল নয়।",2,2,2,3,2,2,2,2
"শুধু নির্বাচন নয় বাংলাদেশের সকল সেক্টর, গুরুত্বপূর্ণ দপ্তর ও গুরুত্বপূর্ণ পদ থেকে এই মুনাফেকদের বিতাড়িত করতে হবে, এরা দেশের শত্রু এবং এরা ইসলামের শত্রু।।।",2,2,2,3,2,2,2,2
জনগণ জামায়াতকে ক্ষমতায় দেখতে চায়,2,2,2,1,2,2,2,2
"ইসলামের নাম ভাঙিয়ে রাজনীতি, কিন্তু ইসলাম যখন আঘাতপ্রাপ্ত — তখন “নীরবতার রাজনীতি”!",2,2,2,3,2,2,2,2
জামায়াতে ইসলামীর মাধমেই এদেশে ইসলামী রাষ্ট্র ব্যবস্থা প্রতিষ্ঠিত হবে ইনশাআল্লাহ।,2,2,2,1,2,2,2,2
জামাতে ইসলাম ইসলামের শত্রু তোদের ইস্কন নিয়ে কোন আলোচনা নাই তোরা ইসলামের দুশমন ইসকনের বন্ধু বাংলাদেশের মধ্যে জামাতে ইসলাম ইসকনকে সহযোগিতা করে,2,2,2,3,2,2,2,2
মাশাল্লাহ আলহামদুলিল্লাহ দাড়িপাল্লা জিন্দাবাদ,2,2,2,1,2,2,2,2
"সুশীল মারানী রা, তোদের,লেবাস খুলে,নাম থেকে ইসলাম শব্দ টা বাদ দে ।",2,2,2,4,2,2,2,2
ক্ষমতা এতো স্বাদ?! তাই বলে কি ক্ষমতার জন্য ঈমান-ইসলাম বিক্রি করে দিবেন?,2,2,2,3,2,2,2,2
৭১ এর ধর্ষকদের পাহারাদাররা ৭১ এর ভয় জুলাই গাঞ্জা খেয়ে পরে আছে,2,2,2,4,2,2,2,2
দাড়ি পাল্লা,2,2,2,1,2,2,2,2
তোমাদের দাবিগুলোর মধ্যে ইসকন নিষিদ্ধের দাবি টা তাকার জরুরি ছিলো না? তোমরা আবার নিজেকে ইসলামিক দল দাবি করো,2,2,2,3,2,2,2,2
"নৌকা লাঙ্গল ধানের শীষ সব দেখা শেষ, এবার জামায়াতে ইসলামীর বাংলাদেশ।",3,3,2,1,2,2,2,2
অবাধ সুষ্ঠু নিরপেক্ষ নির্বাচন হলে বাংলাদেশ জামায়াতে ইসলামী বিপুল ভোটে বিজয় অর্জন করবে ইনশা আল্লাহ।,2,2,2,1,2,2,2,2
নতুন প্রজন্মের প্রথম ভোট দাড়ি পাল্লা মার্কায় হোক।,2,2,2,1,2,2,2,2
১৯৭১ এর গনহত্যাকারী দল জামায়াত এর কোনো দাবি সরকার মেনে নেবেনা।,2,2,2,3,2,2,2,2
বাংলাদেশ জামায়াতে ইসলামী হিন্দু শাখা ও ইসকন শাখার পক্ষ থেকে এদের শুভেচ্ছা জানানো হোক।,2,2,2,3,2,2,2,2
জামাত করিনা তবে পছন্দ করি,2,2,2,1,2,2,2,2
"সংযুক্ত আরব আমিরাতের শারজাহ থেকে, জামায়াত ইসলামী জিন্দাবাদ",2,2,2,1,2,2,2,2
দলীয় স্বার্থে ইসলামকে ব্যবহার করেন।,2,2,2,3,2,2,2,2
সব দেখেছি বারবার দাড়ি পাল্লা এইবার,2,2,2,1,2,2,2,2
বাংলাদেশের মাটিতে ইসলাম বিকৃত করে রাজনীতি চলবে না,2,2,2,3,2,2,2,2
"আমি একজন মুসলিম হিসেবে বলতে চাই — আমরা যেন এমন দল ও নেতৃত্বকে সমর্থন করি, যারা কোরআন ও সুন্নাহকে ভিত্তি করে দেশ পরিচালনা করতে চায়, জনগণের ন্যায্য অধিকার আদায়ের জন্য কাজ করে, এবং সমাজে ন্যায়, সততা ও শান্তি প্রতিষ্ঠা করে।",2,2,2,1,2,2,2,2
"আসুন, আমরা সবাই ইসলামী রাজনীতিকে ভালোবাসি, ইসলামি আদর্শের পক্ষে দাঁড়াই এবং আল্লাহর সন্তুষ্টির জন্য ন্যায়ের রাজনীতি প্রতিষ্ঠা করি।",2,2,2,1,2,2,2,2
"মুসলমান হিসেবে আমাদের দায়িত্ব হলো সেই দল ও নেতৃত্বকে সমর্থন করা, যারা কোরআন ও সুন্নাহর আলোকে সমাজ ও রাষ্ট্র পরিচালনা করতে চায়।",2,2,2,1,2,2,2,2
"বর্তমান সময়ে দেখা যাচ্ছে, ইসলামী দলগুলোর নেতৃবৃন্দ আলেম-ওলামা, শিক্ষিত ও নীতিবান মানুষ, জনগণের হক নষ্ট করে না, বরং ন্যায় ও ইনসাফ প্রতিষ্ঠার জন্য কাজ করে যাচ্ছে।",2,2,2,1,2,2,2,2
ইসলাম এবং কোরআন কে রাজনৈতিক হাতিয়ার বানালেন আর মসজিদ কোরআন কে চোট করে নিজেদের রাজনৈতিক ফায়দা নিলেন।,2,2,2,3,2,2,2,2
ধর্মের নাম দিয়ে মানুষের আবেগে নিয়ে খেলা খুবই ভয়ংকর।,2,2,2,3,2,2,2,2
নাম ইসলামী দিয়ে অন্তরে দলীয় রাজনৈতিক বীজ বোপন একধরনের প্রতারণা।,2,2,2,3,2,2,2,2
দলীয় চিন্তাভাবনা নিয়ে ইসলামের দোহাই দিয়ে মানুষের আবেগকে কাজে লাগিয়ে রাজনীতি সমাজে আরো বিশৃঙ্খলা সৃষ্টি করবে।,,2,2,3,2,2,2,2
সমাজ বিভক্তির সবচেয়ে বড়ো দায় জামাত কে নিতে হবে।,2,2,2,3,2,2,2,2
নাস্তিকদের আলেমদের গালাগালি করার সুযোগ করে দিয়েছে জামাত অথচ সব আলেম তাদের পক্ষে ছিলো না।,2,2,2,3,2,2,2,2
মসজিদকে দলীয় অফিস না বানিয়ে নিজেদের দলীয় অফিস বানান পাড়ায় পাড়ায়।,2,2,2,3,2,2,2,2
বুদ্ধি বৃত্তিক ভাবে মসজিদ এবং ইসলাম কে দলীয় স্বার্থে ব্যবহার করে মসজিদ কে ডিল ছোঁড়ার জায়গা বানানোর জন্যে জামাত দায়ী।,2,2,2,3,2,2,2,2
মসজিদ কোন দলের না সকল মুসলমানের।,2,2,2,3,2,2,2,2
দাঁড়িপাল্লার বিজয় হবে ইনশাআল্লাহ,2,2,2,1,2,2,2,2
ভারতীয় এজেন্ডা বাস্তবায়নে মাঠে নেমেছে জামাত শিবির ও চরমোনাই ভন্ড তাদের মূল উদ্দেশ্য ষড়যন্ত্র করে দেশ কে অস্থিতিশীল করা,2,2,2,3,2,2,2,2
ইনশাআল্লাহ দেশে নিরাপদ ইসলামী দলের কাচেই আশা করা জায়,2,2,2,1,2,2,2,2
মোনাফেকর বাচ্চা,2,2,2,4,2,2,2,2
"জামাতের মুখ থেকে ""বাংলাদেশকে ভালবাসি"" শুনা আর মিয়া খলিফার মুখ থেকে আমি ""ভার্জিন"" শুনা একই কথা",2,2,2,4,2,2,2,2
জামাত জাতীয় বেইমান,,2,2,3,2,2,2,2
"গ্রামের জামায়াত নেতৃত্ব নিজেদের চরিত্র উন্নত মানের স্তরে নিয়ে যাবে, এটাই প্রত্যাশা।",2,2,2,1,2,2,2,2
"এনসিপির প্রত্যেকটা সদস্য ব্রিলিয়ান্ট, টেকনিক্যালি জিনিয়াস,বিচক্ষন, দুর্দান্ত।",2,2,1,2,2,2,2,2
শাপলা কলির জয় হোক।,2,2,1,2,2,2,2,2
গ্রাম শহর অলিগলি ১২ তারিখে জিতবে এবার শাপলা কলি,2,2,1,2,2,2,2,2
"জিতবে এবার শাপলা কলি,ইনকিলাব জিন্দাবাদ",2,2,1,2,2,2,2,2
শাপলা কলি ২০২৬!,2,2,1,2,2,2,2,2
সারা বাংলার অলি গলী রব উঠেছে শাপলা কলি।,2,2,1,2,2,2,2,2
ঢাকা ১৯/২০ আসনের এনসিপি'র হাইব্রিড প্রার্থী'দের বয়কট করবে স্থানীয় সাধারণ জনগন।,2,2,3,2,2,2,,2
অভিনন্দন। শূভ কামনা রইল। তরূণদের প্রথম ভোট এন সি পির শাপলা কলি প্রতীকে হোক। ইনকিলাব জিন্দাবাদ।,2,2,1,2,2,2,2,2
অভিনন্দন জানাই আমরা মানিকগঞ্জ জেলার জাতীয় নাগরিক পার্টি এনসিপির সকল নেতাকর্মী সমর্থকদের পক্ষে,2,2,1,2,2,2,2,2
গ্রাম শহর অলিগলি মাইর খাবে শাপলা কলি,2,2,3,2,2,2,2,2
বেশির ভাগ পোলাপানই হাটুর বয়সী,2,2,3,2,2,2,2,2
ভাই আপনারা দেশের বড় একটা সংখ্যার কাছে গ্রহণযোগ্যতা হারিয়েছেন,2,2,3,2,2,2,2,2
"১২ ফেব্রুয়ারি সারাদিন গণভোটে হ্যাঁ দিন, শাপলা কলিতে ভোট দিন",2,2,1,2,2,2,2,2
এনসিপির এতো বেশি আসনে লড়াই করার চেয়ে ৫০ টা আসনে কোয়ালিটি ফুল লড়াই দেওয়া উচিত।,2,2,1,2,2,2,2,2
"এনসিপির প্রতি মানুষের আগ্রহ আছে, মানুষের সাথে মিশতে পারৱে কেউ ফিরায়া দিবে না।",2,2,1,2,2,2,2,2
এনসিপির নেতাদের প্রতি আহবান মাঠে নামুন ভাই। জনতার সাথে মিশুন অনেক দেরি করে ফেলছেন যদিও তাও লড়াইটা করুন,2,2,1,2,2,2,2,2
বাংলাদেশ টোকাই পার্টি,2,2,3,2,2,2,2,2
জুলাই চুদি কুড়িগ্রাম জেলা রাজারহাট উপজেলা দিনোবাজার পারলে মব বাহিনী নিয়ে আসিয়েন,2,2,4,2,2,2,2,2
শাপলা সততার সাথে টিকে থাকুক সবার প্রিয় ও ভালোবাসা নিয়ে।,2,2,1,2,2,2,2,2
এনসিপি জিতলে জিতবে বাংলাদেশ,2,2,1,2,2,2,2,2
"জুলাই চেতনা বিক্রির দিন শেষ, তফসিলের বাংলাদেশ ।",2,2,3,2,2,2,2,2
গণভোটে হ্যাঁ বলি মার্কা এবার শাপলা কলি।,2,2,1,2,2,2,2,2
দেশ ধ্বংসের কারিগর জুলাই ব্যবসায়ী হঠাও বাংলাদেশ বাঁচাও,2,2,3,2,2,2,2,2
নাসিরউদ্দিন পাটোয়ারী অনেক সুন্দর করে জনগণের মনের কথা গুলো প্রকাশ করেছেন ধন্যবাদ ভাইকে,2,2,1,2,2,2,2,2
এনসিপি কে সাপোর্ট করে এগিয়ে নেওয়া প্রত্যেক সচেতন নাগরিকের দায়িত্ব।,2,2,1,2,2,2,2,2
"তারুণ্যের নেতৃত্বই এগিয়ে যাবে বাংলাদেশ ইনশাআল্লাহ, ইনকিলাব  জিন্দাবাদ",2,2,1,2,2,2,2,2
শাপলা কলির জয় হোক সেটা বিরোধী দল হিসেবে হলেও,2,2,1,2,2,2,2,2
শালায় যেন ভাগতে না পারে আমার চ্যাটে বাল এনসিপি,2,2,4,2,2,2,2,2
বাংলাদেশের জনগণ জাতীয় নাগরিক পার্টির সাথে যুক্ত হয়ে বাংলাদেশকে এগিয়ে নিতে হবে।,2,2,1,2,2,2,2,2
এনসিপির কার্যকলাপ যতদিন জনগণের পক্ষে থাকবে ততদিন আমরাও আপনাদের পাসে আছি থাকবো ইনশাআল্লাহ,2,2,1,2,2,2,2,2
"কতবড় নহারামজাদার দল এরা একবার দেখেন, সারাদেশে শহীদ মিনার ভেঙে,মুক্তিযোদ্ধাদের আপমান করে এরাই আবার শহীদ মিনারে পাদতলে। ভণ্ডামির শেষ কোথায়?",2,2,4,2,2,2,2,2
এগিয়ে এসো নতুনদের পথে,2,2,1,2,2,2,2,2
"আচ্ছা ভাই আবেগে কি সব কিছু সম্ভব, আপনাদের আবেগ বেশি",2,2,1,2,2,2,2,2
উনার প্রতি সম্মান রেখেই বলছি এনসিপি মানুষের আবেগ অনুভূতিকে টার্ম কার্ড হিসেবে ব্যবহার করলো।,2,2,3,2,2,2,2,2
"এনসিপি জনগণের আস্তা, গণমানুষের ভালোবাসা'র প্রতীক শাপলা কলি",2,2,1,2,2,2,2,2
"এনসিপি সব সময় জুলাই জোদ্ধাদের পাশে ছিল,আছে, থাকবে।",2,2,1,2,2,2,2,2
এনসিপি এর সকল কর্মকান্ড আলহামদুলিল্লাহ অনেক ভালো।,2,2,1,2,2,2,2,2
এই বাচ্চা ছেলেদের এই হাঁটুর বয়সী ছেলেদের কারণেই বুড়া ধামরারা আজকে বাচ্চা হাঁটুর বয়স বলে গালি দিতে পারে,2,2,3,2,2,2,2,2
ফালতু এনসিপি বয়কট। কিসের সাথে কি পান্তা ভাতে ঘি,2,2,3,2,2,2,2,2
এনসিসির ফুটেজ খোরি মানুষ আর খায় না,2,2,3,2,2,2,2,2
আবেগ দিয়ে দেশ চালাবেন? যোগ্য লোক নিয়ে আসেন।,2,2,1,2,2,2,2,2
আবেগের দোচনে বাচে না,2,2,4,2,2,2,2,2
"মিথ্যা আশ্বাস, এরা মানুষের সাথে এভাবেই ছয় নয় করছে",2,2,3,2,2,2,2,2
দেশটা আবেগে ভরে গেছে,2,2,3,2,2,2,2,2
জুলাই টোকাই,2,2,3,2,2,2,2,2
উন্নয়নের দিন শেষ রিকশাওলা আর পতিবন্ধির বাংগা দেশ,2,2,3,2,2,2,2,2
কলি কখনো ফুটবে না ভুঝলে সোনা গো আমার-মানুষ এই কয়েক মাসে বুঝে গেছে কলির ভিতর পোকা আছে।।,2,2,3,2,2,2,2,2
এনসিপি নব্য রাজাকার টিকতে না বেশিদিন,2,2,3,2,2,2,2,2
জুলাই জঙ্গি রাজাকার চুদি,2,2,4,2,2,2,2,2
ফুটবে কলি হাসবে দেশ এন সি পি গড়বে নতুন বানলাদেশ।।,2,2,1,2,2,2,2,2
দলমত নির্বিশেষে দেশের চিকিৎসা ব্যবস্থাকে উন্নতর অবস্থানে নিয়ে যেতে চাইলে জারা আপুকে ভোট দিতেই হবে। তার কোন বিকল্প নাই।,2,2,1,2,2,2,2,2
"মানুষ পরিবর্তন চায়, সেটা এনসিপি তে সম্ভব",2,2,1,2,2,2,2,2
দরকার হলে আমরা প্রবাসী বাঙালিরা নির্বাচন প্রচারণা চালানোর জন্য এনসিপি কে টাকা পাঠাবো।,2,2,1,2,2,2,2,2
আপনারা একসময় ছিলেন হিরো এখন আপনারা হয়ে গেছেন জিরো,2,2,3,2,2,2,2,2
দেশের জনগণ চলো আমরা নাহিদ ইসলামের সাথে যুক্ত হয়ে দেশকে সুন্দর ভাবে সাজিয়ে তুলি।,2,2,1,2,2,2,2,2
"এত অল্প সময়ে জনপ্রিয়তা পাওয়া দলটা ইনশাআল্লাহ খুব শীঘ্রই জনতার হয়ে সংসদে আওয়াজ তুলবে,জনতার হয়ে জনতার কথা বলবে। ",2,2,1,2,2,2,2,2
তারুন্যর প্রথম ভোট শাপলা কলির পক্ষে হোক।,2,2,1,2,2,2,2,2
"এনসিপি একটা সিট ও না পাক,কোন সমস্যা নেই। সুস্থ রাজনৈতিক চর্চা তো শুরু করতে পেরেছি আমরা এটা এই প্রজন্ম জন্য যথেষ্ট।💘",2,2,1,2,2,2,2,2
আগামীর ব্যালট হবে বুলেটের বিরুদ্ধে মাফিয়াতন্ত্রের বিরুদ্ধে পরিবারতন্ত্রের বিরুদ্ধে ,2,2,1,2,2,2,2,2
"জুলাইয়ের গণ-অভ্যুত্থানের মধ্য দিয়ে গড়ে ওঠা, জাতীয় নাগরিক পার্টি-এনসিপির জন্য শুভকামনা।",2,2,1,2,2,2,2,2
যাদের হাত ধরে বিএনপি নতুন করে ক্ষমতায় আশার স্বপ্ন দেখছে তাদের শুভকামনা দিতেই হবে।,2,2,1,2,2,2,2,2
যাদের হাত ধরে বহিষ্কার হওয়া জামায়েত রাজনীতি করার সুযোগ পেয়েছে তাদের শুভকামনা দিতেই হবে,2,2,1,2,2,2,2,2
যাদের নেতৃত্বে ত্যাগের বিনিময় তরুণ যুবসমাজ রাতের ভোট দিনে দেওয়ার সুযোগ পেয়েছে তাদের শুভকামনা দিতেই হবে তা না হলে আমরা বড় অকৃতজ্ঞ জাতি হিসেবেই পরিগনিত হব।,2,2,1,2,2,2,2,2
ছোট্ট ছোট্ট পায়ে চলতে চলতে ঠিক পৌঁছে যাবে।। ইনশাল্লাহ এগিয়ে যাক এনসিপি।।,2,2,1,2,2,2,2,2
চারিদিকে শুর উঠেছে শাপলা কলি যাবে জিতে।,2,2,1,2,2,2,2,2
এনসিপি দলটাকে শক্ত করে ভাল নেতা কর্মী দ্বারা পরিচালনা কর দেখবে বাংলাদেশে বড় দল হিসেবে প্রতিষ্ঠিত হবে।,2,2,1,2,2,2,2,2
জনতার রায়কে প্রাধান্য দিয়েই আমরা আগামীর সরকার গঠন করবো ইনশাআল্লাহ শাপলা কলি হবে শান্তি এবং ন্যায়এর প্রতিক ইনশাআল্লাহ,2,2,1,2,2,2,2,2
"লুটপাট, মাফিয়াতন্ত্র আর দুর্নীতির অন্ধকার থেকে বাংলাদেশকে মুক্ত করতে হলে তরুণদের নেতৃত্বই হতে হবে পরিবর্তনের আগুন।",2,2,1,2,2,2,2,2
এনসিপি আপনাদের সকল প্রার্থীর জন্য আমার দোয়া এবং ভালোবাসা রইলো | এনসিপি আমার ভালবাসার দল |,2,2,1,2,2,2,2,2
দিন দিন এনসিপির জনপ্রিয়তা হারিয়ে যাচ্ছে। তাই কঠিন সচেতন হওয়া দরকার।,2,2,1,2,2,2,2,2
সারভিস আলম নাহিদ এদেরকে আরো জনসম্মুখে বেশি দেশ কল্যান নিয়ে কথা বলা দরকার,2,2,1,2,2,2,2,2
শাউয়া পার্টি,2,2,4,2,2,2,2,2
"তোরা জুলাইয়ের গাদ্দার,ক্ষমতা তোদের কাছে বড় হয়ে গেছে,হাদি ভাইয়ের লাশ ভুলে কিভাবে পারলি প্রথম কালো আর ডাইনী সিস্টার দেখতি",2,2,3,2,2,2,2,2
"এনসিপি এর হাতেই, বাংলাদেশ নিরাপদ",2,2,1,2,2,2,2,2
"দুঃখের সাথে বলতে হচ্ছে এনসিপির সাথে জণগণ আর কোন আন্দোলনে নাই, বিশেষ করে তাওহীদি জনতা।",2,2,3,2,2,2,2,2
প্রথম আলো ডেইলি স্টারের সহযোগী এনপিপির নেতা গুলিবিদ্ধ।,2,2,3,2,2,2,2,2
হায়রে এনসিপি!নিজের কর্মীদের নিরাপত্তা দিতে সক্ষম না।,2,2,3,2,2,2,2,2
"এর জন্য দায়ী আপনারা, আপনারা মব মব করে এই পরিস্থিতি সৃষ্টি করেছেন, এখন এর খেসারত দিতে হচ্ছে প্রান্তিক পর্যায়ের নেতাদের।",2,2,3,2,2,2,2,2
এন সি পি হ্যালো মাগীবাজ ও মাদক ব্যবসায়ীদের দল।,2,2,4,2,2,2,2,2
"আপনারা কি কিছুই করবেন না,,শুধু দুঃখ প্রকাশ এবং অথর্ব সরকারের কাছে বিচার চাইবেন??",2,2,3,2,2,2,2,2
"এসবের জন্য এনসিপিই দায়ী, ক্ষমতার লোভে এরা এখন সুশীল সেজে বসে আছে।",2,2,3,2,2,2,2,2
এদেশের মানুষ আস্তে আস্তে এসব ক্ষমতা লোভী ছেলেদের থেকে মুখ ফিরিয়ে নিচ্ছে।,2,2,3,2,2,2,2,2
জুলাই বিপ্লব যদি ব্যর্থ হয় তবে এদেশের লক্ষ তরুণ এনসিপির এসব নেতারদের কখনোই ক্ষমা করবে না।,2,2,3,2,2,2,2,2
ওদের জন্যই বিপ্লবী সরকার গঠন করা সম্ভব হয়নি। ওদের কঠিন বিচার হবে একদিন।,2,2,3,2,2,2,2,2
যাও এনসিপি প্রথম আলো ডেইলি স্টার ঠিক আছে কিনা খোজ নাও আর আসিফ নজরুল স্বরাষ্ট্র উপদেষ্টা জাহাঙ্গীর রে কোলে নিয়ে ঘুমাও,2,2,3,2,2,2,2,2
খুবি ভালো হইছে তোরা প্রথম আলো আর দিল্লি স্টারের সাতে প্রেম কর!,2,2,3,2,2,2,2,2
নেশা করতে গিয়ে গুলিতে আহত এনসিপি নেতা মোতালেব।,2,2,3,2,2,2,2,2
"আমরা কোন মবের পক্ষে না, নাহিদ কে পাঠিয়ে প্রথম আলো তে আরো কিছু কান্নাকাটি করতে বলো, তোমাদের পিছনে এখন আর মানুষ নামবে না ।",2,2,3,2,2,2,2,2
"বিপ্লব তো আর গাছে ধরা আপেল নয় যে পাকবে আর পড়বে, বিপ্লব অর্জন করতে হয়।আপনারা বিপ্লবী হয়েও সুশীল সেজেছেন এটাই পরিনতি।",2,2,3,2,2,2,2,2
প্রিয় এনসিপির রাজপথের সহযোদ্ধা ভাই ও বোনেরা আপনারা এখনই যদি এই হত্যাকাণ্ডের ব্যাপারে সোচ্চার না হোন তাহলে আপনারা কেউ রেহাই পাবেন না।,2,2,3,2,2,2,2,2
"তোমাদের থেকে জাতির বিশ্বাস উঠে গেছে , এই বিশ্বাস আর অর্জন করতে পারবে কি না জানি না ,",2,2,3,2,2,2,2,2
দলটির জন্ম হয়েছিল লাগালাগির জন্য তাই বলে গুলি লাগিয়ে দিবে তা একদম মানা যায় না,2,2,4,2,2,2,2,2
বিপ্লবী নেতারা টেবিলে সুশীল সাজলে কর্মী রা এভাবেই হারিয়ে যাবে,2,2,3,2,2,2,2,2
তোমরা সবাই এক হয়ে যাও ভাই । নইলে সামনে আরো বিপদ,2,2,1,2,2,2,2,2
বাল সি পি তোমার কাজ ত শুধু পোন্দের আলোর পরিদর্শন করা,2,2,4,2,2,2,2,2
আলহামদুলিল্লাহ রাজাকার একটা একটা করে কমছে বাকিদের ও সিরিয়াল আসছে খুব শিগ্রই রেডি হয়ে যায় মাদার চোদ পাকিস্তানের বীর্য।,2,2,4,2,2,2,2,2
"পথম আলু ও ডিললি স্টারে গিয়ে শোক পালন কর সুদানির পোলারা, তোদের সুশীলতার কারণে এই মানুষগুলো জীবন দিয়ে দিতে হচ্ছে। ",2,2,4,2,2,2,2,2
"এই জুলাই বিক্রি করে তোরা অনেক টাকা ইনকাম করছিস, নিজেদেরকে তোরা বিক্রি করে দিয়েছিস। তোদের জন্য সামনে চরম অপমান আর দুর্দশা অপেক্ষা করছে।",2,2,3,2,2,2,2,2
জুলাই যোদ্ধাদের সবচেয়ে বড় ভুল আজিবনের জন্য বিপ্লবী সরকার গঠন না করা। শত্রুরা এভাবে মারতেই থাকবে।,2,2,1,2,2,2,2,2
এন সিপি টাকার কাছে জুলাই বিক্রি করে দিসে তাই আজকে এই পরিনতি,2,2,3,2,2,2,2,2
এনসিপি জুলাই ধ্বংস করে দিয়েছে,2,2,3,2,2,2,2,2
এনসিপি তাদের অবস্থান হারিয়ে ফেলছে।,2,2,3,2,2,2,2,2
মিছিলে আমরা পারদর্শী। ফেসবুকে প্রতিবাদে আমরা পারদর্শী। বাস্তবে আমরা নাই পারদর্শী।,2,2,3,2,2,2,2,2
তুমাদের লেজ ভেংয়ে গেছে তুমার সাপোর্ট দেওয়া আমাদের সাধারণ মানুষ এর ভুল ছিলো হাদি খুন হলো তুমরা চুপ দিনে দিনে বারতাছে,2,2,3,2,2,2,2,2
এনসিপি তাহদের অবস্থান আরো শক্ত করতে হবে এখন যে বাবে আছে এই বাবে রাজনিতি করা যায় না,2,2,1,2,2,2,2,2
এনসিপি এখন ও অনেক ভুলের মধ্যে আছে তাদের অবস্থান আরো কঠোর করতে হবে..?,2,2,1,2,2,2,2,2
এন সি পি বেশি বেশি সুশীতলা দেখাও।,2,2,3,2,2,2,2,2
এনসিপির উচিত এখন সুশীলতা চো*দানো এবং প্রথম আলো পরিদর্শনে যাওয়া।,2,2,4,2,2,2,2,2
"এন সি পি বসে আঙ্গুল চুষতে থাকো,এখনো সময় আছে জুলাইয়ের সব সহযোদ্ধা এক প্লাটফর্মে আসো। ঐক্যবদ্ধ হও, কারণ সন্ত্রাসীরা জুলাই যোদ্ধাদের টার্গেট করে আছে।",2,2,1,2,2,2,2,2
"তোরা হলে জুলাইয়ের প্রকৃত গাদ্দার,এখনো সময় আছে ফিরে আয় সঠিক পথে",2,2,3,2,2,2,2,2
এনসিপি কে এখন গালি দিতে ইচ্ছে করে সালার পুতে রা এখনো বিপ্লবেের ডাক দেয় না কেন,2,2,3,2,2,2,2,2
ন্যাশনাল ছুদানির পোত একটাও ছাড় দেওয়া হবে না না না!!!!,2,2,4,2,2,2,2,2
"এনসিপির নেতাদের ম্যার খাওয়ার কারন হলো জুলাইয়ের সাথে গাদ্দারি করা, এখন এরা কিভাবে সামলাবে",2,2,3,2,2,2,2,2
এনসিপি মানে চাদাবাজি চুরি ডাকাতি সন্ত্রাসী সঠিক কাজ করেছে কুকুর বাহিনী কে কুপিয়েছে,2,2,4,2,2,2,2,2
নবদলটার প্রতি আমাদের বিনীত অনুরোধ—দেশের কল্যাণকে সর্বোচ্চ অগ্রাধিকার দিয়ে আদর্শনিষ্ঠ রাজনীতি করুন।,2,2,1,2,2,2,2,2
নাহিদরে কেউ বইলেন এনসিপির শ্রমিক নেতা মাথায় গুলি খাইছে।পোন্দের আলো আর দিল্লি স্টারের কাছে বিচার দিতে।,2,2,4,2,2,2,2,2
এনসিপির নেতা একজন গুলিবিদ্ধ হইছে ওনারা নির্বাচনী প্রচারণা চালাচ্ছে,2,2,3,2,2,2,2,2
বাধ্যতামূলক হয়ে এন সি পি কে সারা বিশ্বে নেতাকর্মীকে আমি পদত্যাগ করাবো আপনারা কয়েকটা নেতা নিজেকে মনে হয় কি মনে করেন জুলাই আপনাদের থেকে আমাদের অবদান অনেক বেশি ছিল কি আপনার হুংকার দিছেন আপনাদের থেকে আমরা বেশি হুংকার দিছি,2,2,3,2,2,2,2,2
এরা একটা গান্ডু মার্কা দল তাদের একজন এনসিপির শ্রমিক নেতাকে আজকে গুলি করা হয়েছে তাদের কোন পোস্ট নেই,2,2,3,2,2,2,2,2
"এনসিপির উচিৎ বর্তমান কমিটি গুলোকে শুদ্ধিকরন করে, সর্বোচ্চ একটা মানদন্ড ঠিক করে উপজেলা পর্যায় পর্যন্ত সদস্য নেওয়া।",2,2,1,2,2,2,2,2
এতো সুন্দর সপ্নের দলটা চোখের সামনে কিভাবে পঁচে যাচ্ছে,2,2,3,2,2,2,2,2
হাদি ভাইকেও বিক্রি করে খাওয়া শুরু করে দিয়েন না এনসিপি ভাইরেয়া আপনারা কিন্তু বিক্রি হয়ে যাচ্ছেন,2,2,3,2,2,2,2,2
বাংলাদেশের এই সংকটময় মুহূর্তে আপনাদের বাংলাদেশের প্রয়োজন।,2,2,1,2,2,2,2,2
আপনারা বাংলাদেশের আলোকবর্তিকা তথা আলোর দিশারী।,2,2,1,2,2,2,2,2
ভারতীয় আধিপত্যবাদ উপড়ে ফেলতে আপনাদের ভূমিকা অনস্বীকার্য।,2,2,1,2,2,2,2,2
তোদেরকে কবুল করবে না তোরা জুলাই বিক্রি করে দিয়েছিস,2,2,3,2,2,2,2,2
এ-ই জুলাই বিক্রেতা ভারত আধিপত্য বলতে কি লজ্জা লাগে হবে নাকি দাদারা রাগ করবে? তোমরা কোন ঘাটের মাঝি জনগণ বুঝে গেছে।,2,2,3,2,2,2,2,2
ভারতকে ভয় পেয়ে যদি দালালি করেন তাহলে শহীদের মর্যাদা তো দূরের কথা মানুষের মর্যাদাও পাবেন না,2,2,3,2,2,2,2,2
"জুলাইয়ের রক্তের সাথে দালালি, একদিন হিসাব দিতে হবেই",2,2,3,2,2,2,2,2
"ভয় পাবেন না, শক্ত হাতে মোকাবিলা করুন. জনগন বিচার চায় . তরুণরাই দেশের ভবিষ্যৎ. ইয়া আল্লাহ আপনার কাছে বিচার চাই.",2,2,1,2,2,2,2,2
তোমরা ও তো দিনের পর দিন দালালে পরিণত হচ্ছো।প্রথম আলো আর ডেইলি স্টারের এই মাদারবোর্ড গুলোর জন্য তোমাদের কত মায়াকান্না!!!,2,2,3,2,2,2,2,2
নাটক কম কর একটা জাতিকে তোমরা ধ্বংস করছে তোমরা দেশের দুশমন জনগণের দুশমন,2,2,3,2,2,2,2,2
এনসিসি ২৪ এর স্বাধীনতাকে সমালোচিত করছে,2,2,3,2,2,2,2,2
এনসিপি তাদের দলীয় লোকদের নিরাপত্তা দিতে ব্যর্থ হয়েছে।,2,2,3,2,2,2,2,2
এখন দেখি বাংলাদেশে ছাত্রলীগের কোনো জায়গা নেই,3,2,2,2,2,2,2,2
ক্ষমতা পেয়ে ভাবছিলো পুরা দেশটাই ওর মার,3,2,2,2,2,2,2,2
জারজ সাদ্দাম গেল কই?,4,2,2,2,2,2,2,2
বলেন কুততা লিগ,4,2,2,2,2,2,2,2
এই সন্তাসী সংগঠন আজীবনের জন্য নিষিদ্ধ হউক।,3,2,2,2,2,2,2,2
কোথায় আছো কোথায় গেল চাপাবাজি,3,2,2,2,2,2,2,2
"ছাত্রলীগ নয় বলুন ""ছত্রাকলীগ""",3,2,2,2,2,2,2,2
5 মিনিটে ফু দিয়ে সরিয়ে দিতে গিয়ে নিজেরাই উড়ে গেছে,3,2,2,2,2,2,2,2
এই সন্ত্রাসীদের নিষিদ্ধ করা হোক এদের রাজনীতি করার কোন অধিকার নেই আমার ভাই বোনদের নৃশংসভাবে হত্যা কর..,3,2,2,2,2,2,2,2
"একটা করে ছাত্রলীগ ধর তার পরে জ,বাই কর",4,2,2,2,2,2,2,2
আহারে সাদ্দাম হোসেন গেলি কই,3,2,2,2,2,2,2,2
সাদ্দামা কই আমি তারে খুঁজছি ২৫ দিন হয়ে গেলো,3,2,2,2,2,2,2,2
এখন কোথায় আছত ইঁদুরের গর্তে ঢুকে পরছত নাকি।,3,2,2,2,2,2,2,2
ফু দেওয়ার জন্য বাতাস ভরতে পাশের দেশ ভারতে লুকিয়ে লুকিয়ে গেছে,3,2,2,2,2,2,2,2
"আন্দোলন যাবে,আন্দোলন আসবে, কিন্তু সাদ্দাম আদু আর আসবে না",3,2,2,2,2,2,2,2
বগা লীগ কই গেলো? ছেরাদাম কই গেলো?,3,2,2,2,2,2,2,2
এরা ছাত্রলীগ না সন্ত্রাস লীগ।,3,2,2,2,2,2,2,2
"সাদ্দাম চোরা একটা কথা শোন কোন সুস্থ্য মানুষ আওয়ামী-লীগ বা ছাত্র লীগ, যুবলীগ করেনা মাথায় গুড়ি পোক...",3,2,2,2,2,2,2,2
কই এখন খামকির পোলায়,4,2,2,2,2,2,2,2
ফুটফুটে সুন্দর শো.... বাচ্চারা,4,2,2,2,2,2,2,2
ওরে জবাই করতে হবে যদি কোনোদিন এই দেশে আসে,4,2,2,2,2,2,2,2
সাদ্দাম কই ওর বিচার হওয়া দড়কার।,3,2,2,2,2,2,2,2
হেডার লীগ 😂,4,2,2,2,2,2,2,2
পিছনের চেলা গুলা কই?,3,2,2,2,2,2,2,2
বোরকা পরে পালিয়েছে,3,2,2,2,2,2,2,2
সাদ্দাম আমি কিশোরগঞ্জ থেকে বলছি তোকে আমি ২০ বছরের মধ্যে হলেও তোকে আমি দেখব,3,2,2,2,2,2,2,2
পালায়ছে রে পালায়ছে,3,2,2,2,2,2,2,2
অনেক ফু দিছো। এবার ফু দেওয়া পালা আমাদের,3,2,2,2,2,2,2,2
স্বৈরাচারের তোষামোদকারী এসব পাতি নেতার গণধোলাই হবে,3,2,2,2,2,2,2,2
সন্ত্রাসী লীগের আস্তানা ভেঙ্গে দাও গুড়িয়ে দাও।,3,2,2,2,2,2,2,2
ফু দিতে গিয়ে পা۔۔ দ বেরিয়ে গেছে,3,2,2,2,2,2,2,2
সাদ্দামকেই ফু দিয়ে উড়িয়ে দিয়েছে ছাত্ররা।,3,2,2,2,2,2,2,2
শেখ হাসিনা সারা বাংলাদেশে সন্ত্রাস দিয়ে গাইরা ফালাইছে,3,2,2,2,2,2,2,2
"পুরা মাস্তান,,, এদের নিয়ে দেশ চালায় আসছে হাসিনা বেগম।",3,2,2,2,2,2,2,2
ছাওলীগকে নিষিদ্ধ করার দাবি জানাই।,3,2,2,2,2,2,2,2
নিশ্চয়ই আওয়ামী লীগ সীমালংঘনকারী একটি সম্প্রদায়।,3,2,2,2,2,2,2,2
সাদ্দামের মতো ছেলেকে এক থাপ্পর দিলে মুতে কাপড় ভিজিয়ে ফেলবে।,3,2,2,2,2,2,2,2
ছাত্রলীগ এখন হাওয়ালীগ হয়ে উড়ে গেছে গা ।,3,2,2,2,2,2,2,2
সাদ্দাম তো ফুঁ ছাড়া উড়িয়ে গেলো । তাহলে ফুঁ দিলে তো মহাকাশে বিলীন হয়ে যেতো ।,3,2,2,2,2,2,2,2
কর্মফল ভোগ করতেই হবে,3,2,2,2,2,2,2,2
ওদের।দেখলেই।সাতে।সাতে।মাইরাফালাইতে।হবে।,3,2,2,2,2,2,2,2
ওরাকুলাংগারের।বাচ্চএইজন্নওরা।আজ।বাংলাতেনাই,4,2,2,2,2,2,2,2
আদু ভাই এখন নিজেই উধাও হয়ে গেছে,3,2,2,2,2,2,2,2
তোদের পাদ দিএ উরিয়ে দিয়েসে জনগণ,3,2,2,2,2,2,2,2
এখন তারা রূপ পরিবর্তন করে সুশীল রূপ ধারণ করেছে।,3,2,2,2,2,2,2,2
যাদের জন্মের ঠিক নেই যাদের বাবা রিকসা চালায় মা বুয়া গিরি করে সংসার চালায় তারাই ছাত্রলীগ করে আওয়ামী ল...,4,2,2,2,2,2,2,2
"ওদের ফুতে ওরাই উড়ে গিয়ে, একেবারে গংগায় পড়েছে",3,2,2,2,2,2,2,2
এই চোরগুলো এখন কই??,3,2,2,2,2,2,2,2
সাদ্দাম রে ১০০ দিনের রিমান্ড দেওয়া হোক,3,2,2,2,2,2,2,2
সাদ্দাম হোসেন আর আতিকা কে বিচার করা হোক।,3,2,2,2,2,2,2,2
সাদ্দাম হয়ছে খনিকের ছেলে,4,2,2,2,2,2,2,2
এইসব রাজনৈতিক চোরদের কারনে দেশের এ অবস্থা,3,2,2,2,2,2,2,2
ওরা ছিলো সন্ত্রাসী লীগ,3,2,2,2,2,2,2,2
আমি ডুবাই থেকে কসম করে বলছি যে সাদ্দামকে ধরতে পারবে তাকে আমি ৫০ হাজার টাকা উপহার দিব,3,2,2,2,2,2,2,2
এখন এদের এক এক করে ধরেন....,3,2,2,2,2,2,2,2
হাসিনার তার দালালদের সবার বিচার করতে হবে,3,2,2,2,2,2,2,2
"ভাই এখানে রাম রাজত্ব হবে না,এখানে হবে শেখ রাজত্ব।",1,2,2,2,2,2,2,2
আল্লাহ শয়তানদের বিচার করেছে,3,2,2,2,2,2,2,2
ছাত্র ভাইদেরকে বলছি আপনারা ছাত্রলীগের লিস্ট করেন।এরপর লিস্ট দেখে দেখে চাইজ করেন।ঢাকা কে লীগ মুক্ত কর..,3,2,2,2,2,2,2,2
ছাত্রলীগ রাজাকাররা আজ দেশ ছেড়ে পালাইছে,3,2,2,2,2,2,2,2
আমরা ছাত্রলীগ এবং আওয়ামীলীগ মুক্ত বাংলাদেশ চাই,3,2,2,2,2,2,2,2
ছাত্রলীগ এখন আফসোস লীগ রূপে অনলাইনে বিচরণ করছে,3,2,2,2,2,2,2,2
তোরা কৈ গেলি রে তোদের মা।চলে গেল রে,3,2,2,2,2,2,2,2
এদের কঠিন বিচার চাই,3,2,2,2,2,2,2,2
লীগ মানেই বিপদ,3,2,2,2,2,2,2,2
যেখানেই ছাত্রলীগ সেখানেই গনধোলাই,3,2,2,2,2,2,2,2
ছাত্রলীগের জারজেরা কোথায় এখন?,4,2,2,2,2,2,2,2
ছাত্র দের ফু দিতেই নিজেরাই ফু হয়ে গেল।,3,2,2,2,2,2,2,2
"ভাবা যায় এই আওয়ামী কে ছাত্র সমাজও ভয় পেত,,,,, ভাবুন একবার, তারা কতো ভয়ঙ্কর ছিল ।",3,2,2,2,2,2,2,2
ফু দিবার আগে ছাএলীগ নাই,3,2,2,2,2,2,2,2
তাদের জায়গায় বাংলাদেশে হলো না,3,2,2,2,2,2,2,2
ছাত্রলীগ নিষিদ্ধ হোক,3,2,2,2,2,2,2,2
আওয়ামী লীগের এই করুণ পরিণতির কারণ একমাত্র এই জারজ ছাত্রলীগ,4,2,2,2,2,2,2,2
এই খাংকির বাচ্চারা এখন কই,4,2,2,2,2,2,2,2
সীমা লঙ্ঘনকারী এই টুকাই লীগ সাদ্দাম সহ তার সকল টোকাই বাহিনীকে খুঁজে বের করে আইনের কঠিন শাস্তি প্রয়োগ...,3,2,2,2,2,2,2,2
এতবড় গণহত্যার পরেও আওয়ামীলীগ সন্ত্রাসীদের দল কেন নিষিদ্ধ হবে না???,3,2,2,2,2,2,2,2
শেষ দেখার আগেই শেষ করে দিয়েছে জারজলীগকে।,4,2,2,2,2,2,2,2
বাস্টার্ড ছাত্রলীগ,4,2,2,2,2,2,2,2
রাজপথে জন্ম নেওয়া ছাত্রলীগের এখন কোথায়,4,2,2,2,2,2,2,2
"সত্যের জয় হয়, মিথ্যাচার ধূলিসাৎ হয়।স্বৈরাচারের পতন হয়েছে, সাধারণ জনগণের জয় হয়েছে🇧🇩",3,2,2,2,2,2,2,2
"দা,বটি,চাপাতি, assult rifle, হাজার হাজার ছাত্রদের মারার পরেও টিকতে পারলোনা ছ্যাদালীগ।",3,2,2,2,2,2,2,2
ওদের আজীবন নিষিদ্ধ করা হোক,3,2,2,2,2,2,2,2
ছি ছি ছি ছাএলীগ ভুয়া ভুয়া,3,2,2,2,2,2,2,2
ওই স্বৈরাচারের বাচ্চা সাদ্দাম এখন কই,3,2,2,2,2,2,2,2
"এখন নিজেরাই ফু ছাড়াই উড়ে গেছেন,আল্লাহ ছাড় দেন কিন্তু ছেড়ে দেন না, কথাটা আবারো অকাট্য ভাবে প্রমানিত, ..",3,2,2,2,2,2,2,2
ছাত্র লীগ যুব লীগ তোদের অবস্থা ভয়াবহ হবে জাতির কাছে মাপ চায়,3,2,2,2,2,2,2,2
যাদের নাই জন্মের ঠিক তারা করে ছাত্রলীগ।,4,2,2,2,2,2,2,2
"এরাতো ছাত্র লীগ নয়, এরা হচ্ছে ছেঁচড়া লীগ, যাদের অস্তিত্ব মিরপুর বেড়িবাঁধ আর ভাষানটেক বস্তিতে।",3,2,2,2,2,2,2,2
কি জুলুম টা না করছে এই ছাত্রলীগ,3,2,2,2,2,2,2,2
ছাত্রলীগের জন্মের ঠিক নাই এদের দেখলেই খবর আছে,3,2,2,2,2,2,2,2
"কিরে বন্ধুর সৈনিক তোরা না ভালো কাজ কর্তি,তাহলে পালালি কেনো",3,2,2,2,2,2,2,2
"অচিরেই গ্রেফতার করা হবে, ইনশাআল্লাহ",3,2,2,2,2,2,2,2
৫ মিনিটে ফু দিয়ে উড়িয়ে দিবে বলে ৫ সেকেন্ডে পালিয়ে গেছে,3,2,2,2,2,2,2,2
যেখানে পাওয়া যাবে সেখানেই ‘ভইরা’ দেওয়া হবে ॥,3,2,2,2,2,2,2,2
সাদ্দামকে পাওয়া মাত্রই আচ্ছামতো গনপিটুনি দিয়ে পুলিশে দিতে হবে,3,2,2,2,2,2,2,2
আওয়ামী লীগকে নিষিদ্ধ করা হোক,3,2,2,2,2,2,2,2
হটাৎ একদিন ঘুম থেকে উঠে যেনো শুনতে পাই তারা ২মাসের রিমান্ডে।,3,2,2,2,2,2,2,2
বিলাই গুলো গেলো কোথায় কাটাঁগুলো খাবে কে!!,3,2,2,2,2,2,2,2
সাদ্দাম যেন দেশ পার না হতে পারে হালারপুত অনেক মানুষকে হয়রানি করছে,3,2,2,2,2,2,2,2
কোন বৈধভাবে জন্ম হওয়া সন্তান কখনো ছাত্র লীগ করতে পারে না,3,2,2,2,2,2,2,2
বান্দির পুলা ভেগে গেছে।,3,2,2,2,2,2,2,2
এদেরকে জলদি গ্রেফতার করে ফাঁশি দেওয়া হোক,3,2,2,2,2,2,2,2
"ভিডিও ফুটেজ দেখে দেখে একটা একটা করে ধরা হবে, শুধু অপেক্ষা করতে হবে একটু‌।",3,2,2,2,2,2,2,2
আর এদিক এ ছাত্রলীগ দেখলেই জবো দেয়া হচ্ছে 😜,4,2,2,2,2,2,2,2
এদেরকে যেখানে যে অবস্থায় পাবেন কমপক্ষে একটা আন্ডা থেরাপি দিবেন ৷,3,2,2,2,2,2,2,2
ছাত্রলীগের আপুমনি রা কই 😜চামড়ার ব্যবসা কি এহনো চলে ???,4,2,2,2,2,2,2,2
এরা হল দেশের শএু। ছাএলীগ কখনো মানুষ হতে পারে না।,3,2,2,2,2,2,2,2
কুথায় কুওালীগ কুলাংগারে বাচ্চারা একন,4,2,2,2,2,2,2,2
আমরা ছাত্রলীগ মুক্ত বাংলাদেশ চাই,3,2,2,2,2,2,2,2
ছাত্র লীগ বলে বাংলাদেশে কোনো কুকুর থাকবে না,4,2,2,2,2,2,2,2
কোথায় তোরা শুকর ছানার দল।,4,2,2,2,2,2,2,2
আমরা চাই শুধু ছাত্র লীগ না আওয়ামী লীগটা নিষিদ্ধ হয়ে যাক,3,2,2,2,2,2,2,2
আওয়ামী লীগ নিষিদ্ধ করা হোক,3,2,2,2,2,2,2,2
সন্ত্রাসী বাহিনী,3,2,2,2,2,2,2,2
"পতিতালয় জন্ম নেওয়া সাদ্দাম হোসেন এখন কোথায়, কোথায় গেল পতিতালয়ের মুক্তিযোদ্ধা সন্তান ছাত্রলীগ ...",4,2,2,2,2,2,2,2
পদধারী ছাত্রলীগের সব নেতাদের আটক করার জোর দাবি জানাচ্ছি,3,2,2,2,2,2,2,2
এই ছাত্রলীগের একটারও জন্মের ঠিক নাই,4,2,2,2,2,2,2,2
স্বৈরাচার নিপাত যাক বাংলাদেশ মুক্তি পাক,3,2,2,2,2,2,2,2
পাতি নেতাদের মুখ বেশি তাই তাদের পতন হয়েছে,3,2,2,2,2,2,2,2
কিরে সাদ্দাম মাদারের বাচ্চা কোথায় আছো,4,2,2,2,2,2,2,2
আমাদের মুতে ভেসে গেছে,3,2,2,2,2,2,2,2
বাঘের মত হুংকার দিয়ে শিয়ালের মত লেজ গুটিয়ে পালালো,3,2,2,2,2,2,2,2
রাজপথের রাজা দাবি করা ছাত্রলীগ কে আজ রাজপথের ফকির হিসাবেও পাওয়া যায় না।,3,2,2,2,2,2,2,2
"দলে দলে ছাত্রলীগ ধর, ধরে ধরে জবাই কর",4,2,2,2,2,2,2,2
ভারত ও আওয়ামী লীগ মুক্ত বাংলাদেশ হবে ইনশাআল্লাহ!,3,2,2,2,2,2,2,2
হাজারো ছাএের রক্তের দাগ লেগে আছে এদের হাতে,3,2,2,2,2,2,2,2
সন্ত্রাসী হেলমেট লীগ নিষিদ্ধ করা হোক,3,2,2,2,2,2,2,2
আওয়ামী লীগ কে নিষিদ্ধ করার দাবি জানাচ্ছি।,3,2,2,2,2,2,2,2
হবে নিশ্চয়ই হবে নিষিদ্ধ শুধু সময়ের অপেক্ষা,3,2,2,2,2,2,2,2
হই হই হই হই ছাত্রলীগ গেলি কই,3,2,2,2,2,2,2,2
ছি ছি লীগ,3,2,2,2,2,2,2,2
ছাএ জনতা বেঁচে থাকতে আওয়ামিলীগ কুওালীগ রাস্তায় নামতে দেবো না,4,2,2,2,2,2,2,2
আওয়ামীলিগ ছাএলীগ মুক্ত বাংলাদেশ চাই,3,2,2,2,2,2,2,2
যে অপকর্ম করছে ছাত্রলীগ তাদেরকে নিষিদ্ধ করা হোক,3,2,2,2,2,2,2,2
এরা কোন লীগ না ভাই তারা রাতের খাট লীগ,4,2,2,2,2,2,2,2
সব রাজাকারের বাচ্চারা বাংলাদেশ ছাইড়া ভাগছে,3,2,2,2,2,2,2,2
ওরা আজ ঘৃণ্য ইতিহাস,3,2,2,2,2,2,2,2
ছাত্রলীগের কবর রচিত হয়েছে অলরেডি,3,2,2,2,2,2,2,2
ওরা দুইজন বোরকা পরে ইন্ডিয়া পালিয়ে গেছে,3,2,2,2,2,2,2,2
বোরখা পরা পাগলেরা এখন কোথায় দেখা দে নরাধম,3,2,2,2,2,2,2,2
"ছাত্রলীগ হেরে যাওয়া দল না। কখনো আনসার কখনো ডাকাত, গার্মেন্টস শ্রমিক হয়ে ফিরে আসবে",3,2,2,2,2,2,2,2
এখন কোথায় তোমরা 😊😊😊।আমরা ফু দেওয়ার আগেই তোমরা উড়ে গেলা,3,2,2,2,2,2,2,2
ছি ছি ছি।ছাত্রলীগ নিষিদ্ধ হোক,3,2,2,2,2,2,2,2
ঘেও ঘেও লিগ,4,2,2,2,2,2,2,2
আয় ডাইনি,4,2,2,2,2,2,2,2
হাসিনার বিচার চাই শত শত হাজার হাজার মানুষ হততা করেছে ওর বাংলায় কোনো ঠাই নাই,3,2,2,2,2,2,2,2
"তোমার বাবার দেশ,, আর আমরা তো ভাড়া থাকি বাংলাদেশে!!! দেশের ৪ ভাগের ৩ ভাগ তো বিক্রি কোরে দিয়েছো,",3,2,2,2,2,2,2,2
বাংলাদেশের জনগন আর বোকা নেই যে এতো বড়ো গনহত্যাকারিকে খমা করেদেবে,3,2,2,2,2,2,2,2
ক্ষমার অযোগ্য,3,2,2,2,2,2,2,2
এরা যেনো বাংলাদেশ ঢুকতে না পারে ভাই।। এরা যেনো বাঁচার জন্য যায়গা খুঁজে।। এমন করতে হবে এদের,3,2,2,2,2,2,2,2
"আপা আপনি ভিন্ন মতাবলম্বী দেরকে বছরের পর বছর আয়না ঘরে রেখে যে ভাবে অত্যাচার ও নির্যাতন করেছেন,",3,2,2,2,2,2,2,2
জয় বাংলা জয় বঙ্গবন্ধু,1,2,2,2,2,2,2,2
আস কিসের বিচার পাবলিকের হাতে তুলে দিন মাইরের উপরে কোন ঔষধ নাই,3,2,2,2,2,2,2,2
চোর চোর ভোট চোর🩰,3,2,2,2,2,2,2,2
শেখ হাসিনা কে আয়না ঘরে রাখার অনুরোধ,3,2,2,2,2,2,2,2
ফিরে আসতে হবে আপনাকে দেশের মাটিতেই সরকার হিসেবে দেখতে চাই।,1,2,2,2,2,2,2,2
শেখ হাসিনা সরকার বার বার দরকার,1,2,2,2,2,2,2,2
তুই আর দেশে আইস নারে,3,2,2,2,2,2,2,2
আসেন আয়না ঘর খালি আছে,3,2,2,2,2,2,2,2
"এইবার আর পালাতে পারবানা সোনা,, তোমার এবার মৃত্যুর সাদ গ্রহন করতে চাইলে আসো",3,2,2,2,2,2,2,2
ইনশাআল্লাহ ফিরে আসবেন আপনি,1,2,2,2,2,2,2,2
অর বাপ দেশ কিনছে এটা অর দেশ আমরা ভারাটিয়া,3,2,2,2,2,2,2,2
সাহস থাকলে দেশে থাকতে,3,2,2,2,2,2,2,2
শেখ হাসিনাকে দেশে আশার জন্য জোর দাবী জানাচ্ছি বিচারের সম্মুখীন হতেই হবে,3,2,2,2,2,2,2,2
ওনার বাবার কেনা একান্ত দেশ,3,2,2,2,2,2,2,2
তুই আয় বাংলাদেশের প্রতিটি মানুষ তোর অপেক্ষায় আছে,3,2,2,2,2,2,2,2
"ইতিহাসের সেরা স্বৈরাচারী শাসক ছিলা তুমি, তোমার তো স্বৈরাচারী ভাব থাকবেই।",3,2,2,2,2,2,2,2
আহো হাসু আপা আহো,3,2,2,2,2,2,2,2
আমি বাংলাদেশকে ভালোবাসি অমি শেখ হাসিনাকে ভালোবাসি,1,2,2,2,2,2,2,2
বাকি আছে দেশটা বিক্রি করার আসেন খালা সেটা করে জান আর আপনারে আমরা ছেরে দিবো,3,2,2,2,2,2,2,2
বাংলার জমিনে তোর মত ফেরাউনের ঠাঁই নাই।,3,2,2,2,2,2,2,2
যার লজ্জা নাই তার ঈমান নাই,3,2,2,2,2,2,2,2
তোমকে বিচারের সম্মুখীন হতেই হবে,3,2,2,2,2,2,2,2
হাসিনার জন্য আয়না ঘর অপেক্ষা করছে। হাসিনাকে দ্রুত আসতে হবে,3,2,2,2,2,2,2,2
আমার মত কে কে শেখ হাসিনাকে প্রধানমন্ত্রী হিসেবে দেখতে চান।,1,2,2,2,2,2,2,2
দেশে আইসে দেক তোরে কি করে জনগন,3,2,2,2,2,2,2,2
"আহো আহো আমরা রেডি আছি,,বহু মানুষ মেরেছিস তুই",3,2,2,2,2,2,2,2
বুবু তুমি কই আয়না ঘর তোমার অপেখায় আছে কিলার বুবু,3,2,2,2,2,2,2,2
শেখ হাসিনা এই দেশ তোর বাপের না তোর বাপের হলে তুই এ রকম করতে পারতি না এখনো সময় আছে বালো হয়ে জা,3,2,2,2,2,2,2,2
জয় বাংলা জয় বঙ্গবন্ধু জয় শেখ হাসিনা,1,2,2,2,2,2,2,2
এদের কোনো ক্ষমা নাই।,3,2,2,2,2,2,2,2
দেশে আসলে ডিম থেরাপি দেওয়া হবে🤣,3,2,2,2,2,2,2,2
শয়তান দূর হইছে! আলহামদুলিল্লাহ,3,2,2,2,2,2,2,2
খু'নি কিলার,3,2,2,2,2,2,2,2
হাসিনা কে বাংলাদেশে এনে তার বিচার করতে হবেতাকে ফাঁশি দিতে হবে।,3,2,2,2,2,2,2,2
এই জারস এর বাচ্চা জারস সন্তান কিভাবে আবার কথা বলে,4,2,2,2,2,2,2,2
পিলখানা হত্যাকান্ডের বিচার চাই,3,2,2,2,2,2,2,2
যুগ্য নেএী ওনি আামাদের পাশে আমরা চাই,1,2,2,2,2,2,2,2
"শেখ হাসিনা সরকার বাংলাদেশ বার বার দরকার,,, জয় বাংলা জয় বঙ্গবন্ধু",1,2,2,2,2,2,2,2
ইনশাআল্লাহ আসতেই হবে জয় বঙ্গবন্ধু জয় ম্যাডাম শেখ হাসিনা,1,2,2,2,2,2,2,2
এটা নাকি তার বাবার দেশ। আমরা তাহলে কি ভাড়াটিয়া,3,2,2,2,2,2,2,2
মাফিয়া হাসিনা,3,2,2,2,2,2,2,2
এইজন্য নিজের হাতে লক্ষ হাজার কোটি টাকা পাজার করেছিস,3,2,2,2,2,2,2,2
স্বৈরাচার দেশ ছেরে পালিয়ে গেলি কেন,3,2,2,2,2,2,2,2
আসতে বল তোদের নেত্রীকে আমরা ভরে দেওয়া জন্য প্রস্তুত,3,2,2,2,2,2,2,2
"যে দলের প্রধান নিজে বাঁচার জন্য কর্মী রেখে পালিয়ে যায়,সে দল নিয়ে গর্ব নয় লজ্জা করা উচিত।",3,2,2,2,2,2,2,2
আয় তোর জন্য বাঁশ রেডি আছে বাংলাদেশে,3,2,2,2,2,2,2,2
গণহত্যার কারণে তোমাদেরকে বিদেশ থেকে এনে তারপর বিচারের মাধ্যমে কঠিন শাস্তি প্রদান করা হবে।,3,2,2,2,2,2,2,2
চোরের মায়ের বড় গলা সাহস থাকলে দেশে আয়,3,2,2,2,2,2,2,2
রক্ত পান করে পিপাসা মিটেনি আরো রক্ত লাগবো।,3,2,2,2,2,2,2,2
"ডাইনি আয়, সন্তান হারা মা রা তোর জন্য অপেক্ষা করছে।",4,2,2,2,2,2,2,2
তুমি একটু তাড়াতাড়ি আসো আসু আপা তোমার বিচার করতে হবে না তোমার শাস্তি তো এখন অনেক বাকি,3,2,2,2,2,2,2,2
বিজয় আবার আসবে ইনশাআল্লাহ,1,2,2,2,2,2,2,2
"শাহস থাকলে ফিরে আয়, তোকে তোর বাপের কাছে পাঠাবো।",3,2,2,2,2,2,2,2
সর্বোচ্চ শাস্তি তাদের দেয়া হোক,3,2,2,2,2,2,2,2
হাসিনাকে আবারও চাই,1,2,2,2,2,2,2,2
তোর কোনো মাফ নাই,3,2,2,2,2,2,2,2
শেখ হাসিনা কে বাংলাদেশের প্রধানমন্ত্রী চাই,1,2,2,2,2,2,2,2
আপনাকেই দরকার শেখ হাসিনা,1,2,2,2,2,2,2,2
ভারতের কোনো দালালের জায়গা হবে না।,3,2,2,2,2,2,2,2
তুমি আসো সকল হিসাব নেয়া হবে ডাইনি মহিলা,4,2,2,2,2,2,2,2
রাইট আবার আসবে ইনশাল্লাহ,1,2,2,2,2,2,2,2
আয়!!!জনতা দফা রফা করবে!!,3,2,2,2,2,2,2,2
সাবাস জয় বাংলার নেত্রী।,1,2,2,2,2,2,2,2
আওয়ামী লীগ দলটাকে নিষিদ্ধ করা হোক এটা একটা সন্ত্রাসী দল,3,2,2,2,2,2,2,2
তুই দেশে আসলেই তোর খবর আছে।,3,2,2,2,2,2,2,2
"এই মহিলা একটা বিশ্ব বেহায়া। ছিঃ। আয় তুই, তোর বিচার হবে",3,2,2,2,2,2,2,2
জয় বাংলা,1,2,2,2,2,2,2,2
মাননীয় প্রধানমন্ত্রী দেশরত্ন শেখ হাসিনার সরকার বার বার বার দরকার জয় বাংলা,1,2,2,2,2,2,2,2
ইনশাআল্লাহ বাংলাদেশের জনগণ বুঝবে একদিন শেখ হাসিনাকে প্রয়োজন,1,2,2,2,2,2,2,2
"লজ্জা নাই, আসো তুমি গুম খুনের বিচার টা দেখতে চাই,",3,2,2,2,2,2,2,2
দেশে আসবা কেন? তুমি বুড়ো বলে কি মোদি তোমাকে খায় না?,4,2,2,2,2,2,2,2
শেখ হাসিনা আপনাকে আমরা আবারও চাই,1,2,2,2,2,2,2,2
আপনি তাড়াতাড়ি চলে আসেন আপনার জন্য আয়না ঘর খালি করা হয়েছে,3,2,2,2,2,2,2,2
বাংলাদেশে এসব বিশ্বাস ঘাতকের কোন প্রয়োজন নেই।,3,2,2,2,2,2,2,2
ডাইনী ডাইনী ডাইনীকে আর বাংলার মানুষ চাই না।,4,2,2,2,2,2,2,2
ওদের বিরুদ্ধে কঠোর ব্যবস্থা নেয়া হোক।,3,2,2,2,2,2,2,2
আলহামদুলিল্লাহ!! প্রিয় নেত্রীকে দেখেই মনটা ভালো হয়ে গেলো💜,1,2,2,2,2,2,2,2
আস বাশ রেডী,3,2,2,2,2,2,2,2
"আবার কি জন্য আসবা,,,ভোট চুরির জন্য,,, ছিঃ ছিঃ ছিঃ",3,2,2,2,2,2,2,2
আসলে কুওার মতো পিঠামু,4,2,2,2,2,2,2,2
আপনাকে দেশের জন্য আবার দরকার,1,2,2,2,2,2,2,2
,,2,2,2,2,2,2,2
আয় রে ডাইনী তুই আবার আয়,4,2,2,2,2,2,2,2
আওমীলিগ পাপ করেছে,3,2,2,2,2,2,2,2
শেক হাসিনা জয় হবে ইনশাআল্লাহ,1,2,2,2,2,2,2,2
"বুবু জনগন ডিম তেরাপি দিব,আসেন বাকি জিবন জেলে কাটান",3,2,2,2,2,2,2,2
আওয়ামী লীগ জেগে উঠতে হবে আবার আসবে শেখ হাসিনা সরকার দেশে,1,2,2,2,2,2,2,2
কত ছাত্র বুক পেতে দিছে আর তোমরা পালাই ছো,3,2,2,2,2,2,2,2
বাংলার মানুষ এত বোকাচোদা না তোমারা নাটক করাব সব মেনে নিব,3,2,2,2,2,2,2,2
সব বাটপারি চুর সবগুলো,3,2,2,2,2,2,2,2
কে‌ কি ভাবে বাঁচা যায় সে সেই ভাবে নাটক করতেছে,3,2,2,2,2,2,2,2
বিশ্বাস করা মুশকিল তোমাদের মনা,3,2,2,2,2,2,2,2